id,dateAdded,dateUpdated,address,categories,primaryCategories,city,country,keys,latitude,longitude,name,postalCode,province,reviews.date,reviews.dateAdded,reviews.dateSeen,reviews.rating,reviews.sourceURLs,reviews.text,reviews.title,reviews.userCity,reviews.userProvince,reviews.username,sourceURLs,websites
AVzA_6Z0-gnIPe8DSgb_,2017-06-19T15:36:38Z,2019-05-20T20:12:49Z,1170 Interquest Pkwy,"Hotels and motels,Hotel and motel reservations,Hotel",Accommodation & Food Services,Colorado Springs,US,us/co/coloradosprings/1170interquestpkwy/1267687388,38.991085,-104.80846,Drury Inn Suites Colorado Springs Near The Air Force Academy,80921,CO,2016-06-19T00:00:00.000Z,,2018-12-22T00:00:00Z,4,https://www.tripadvisor.com/Hotel_Review-g33364-d7781331-Reviews-or355-Drury_Inn_Suites_Colorado_Springs_near_the_Air_Force_Academy-Colorado_Springs_El_Paso_C.html#REVIEWS,"We stayed in a king bed suite here while settling on our home in Colorado Springs. It was nice to have a spacious living area (with sofa bed for our son) and comfortable, quiet bedroom. In addition the couch and chairs in the living area...More",A well-run hotel with lots of extras,Colorado Springs,Colorado,rewardgal,"https://www.tripadvisor.com/Hotel_Review-g33364-d7781331-Reviews-or425-Drury_Inn_Suites_Colorado_Springs_near_the_Air_Force_Academy-Colorado_Springs_El_Paso_C.html#REVIEWS,https://www.tripadvisor.com/Hotel_Review-g33364-d7781331-Reviews-or240-Drury_Inn_Suites_Colorado_Springs_near_the_Air_Force_Academy-Colorado_Springs_El_Paso_C.html#REVIEWS,https://www.tripadvisor.com/Hotel_Review-g33364-d7781331-Reviews-or365-Drury_Inn_Suites_Colorado_Springs_near_the_Air_Force_Academy-Colorado_Springs_El_Paso_C.html#REVIEWS,https://www.tripadvisor.com/Hotel_Review-g33364-d7781331-Reviews-or520-Drury_Inn_Suites_Colorado_Springs_near_the_Air_Force_Academy-Colorado_Springs_El_Paso_C.html#REVIEWS,https://www.tripadvisor.com/Hotel_Review-g33364-d7781331-Reviews-or75-Drury_Inn_Suites_Colorado_Springs_near_the_Air_Force_Academy-Colorado_Springs_El_Paso_C.html#REVIEWS,https://www.tripadvisor.com/Hotel_Review-g33364-d7781331-Reviews-or460-Drury_Inn_Suites_Colorado_Springs_near_the_Air_Force_Academy-Colorado_Springs_El_Paso_C.html#REVIEWS,https://www.tripadvisor.com/Hotel_Review-g33364-d7781331-Reviews-or5-Drury_Inn_Suites_Colorado_Springs_near_the_Air_Force_Academy-Colorado_Springs_El_Paso_C.html#REVIEWS,https://www.tripadvisor.com/Hotel_Review-g33364-d7781331-Reviews-or230-Drury_Inn_Suites_Colorado_Springs_near_the_Air_Force_Academy-Colorado_Springs_El_Paso_C.html#REVIEWS,https://www.tripadvisor.com/Hotel_Review-g33364-d7781331-Reviews-or590-Drury_Inn_Suites_Colorado_Springs_near_the_Air_Force_Academy-Colorado_Springs_El_Paso_C.html#REVIEWS",https://www.druryhotels.com
AVzA_6Z0-gnIPe8DSgb_,2017-06-19T15:36:38Z,2019-05-20T20:12:49Z,1170 Interquest Pkwy,"Hotels and motels,Hotel and motel reservations,Hotel",Accommodation & Food Services,Colorado Springs,US,us/co/coloradosprings/1170interquestpkwy/1267687388,38.991085,-104.80846,Drury Inn Suites Colorado Springs Near The Air Force Academy,80921,CO,2017-07-05T00:00:00.000Z,,2018-12-22T00:00:00Z,5,https://www.tripadvisor.com/Hotel_Review-g33364-d7781331-Reviews-or165-Drury_Inn_Suites_Colorado_Springs_near_the_Air_Force_Academy-Colorado_Springs_El_Paso_C.html#REVIEWS,"Another great trip at the Drury Inn. Clean and nice rooms and common areas. All of the female staff were very nice and friendly. Indoor pool and hot tub. Kickback is a nice feature. Great snacks/food in the evening: hot dogs, nachos, chicken fingers, salad,...More",Great service and value,Denver,Colorado,almarcusp23,"https://www.tripadvisor.com/Hotel_Review-g33364-d7781331-Reviews-or425-Drury_Inn_Suites_Colorado_Springs_near_the_Air_Force_Academy-Colorado_Springs_El_Paso_C.html#REVIEWS,https://www.tripadvisor.com/Hotel_Review-g33364-d7781331-Reviews-or240-Drury_Inn_Suites_Colorado_Springs_near_the_Air_Force_Academy-Colorado_Springs_El_Paso_C.html#REVIEWS,https://www.tripadvisor.com/Hotel_Review-g33364-d7781331-Reviews-or365-Drury_Inn_Suites_Colorado_Springs_near_the_Air_Force_Academy-Colorado_Springs_El_Paso_C.html#REVIEWS,https://www.tripadvisor.com/Hotel_Review-g33364-d7781331-Reviews-or520-Drury_Inn_Suites_Colorado_Springs_near_the_Air_Force_Academy-Colorado_Springs_El_Paso_C.html#REVIEWS,https://www.tripadvisor.com/Hotel_Review-g33364-d7781331-Reviews-or75-Drury_Inn_Suites_Colorado_Springs_near_the_Air_Force_Academy-Colorado_Springs_El_Paso_C.html#REVIEWS,https://www.tripadvisor.com/Hotel_Review-g33364-d7781331-Reviews-or460-Drury_Inn_Suites_Colorado_Springs_near_the_Air_Force_Academy-Colorado_Springs_El_Paso_C.html#REVIEWS,https://www.tripadvisor.com/Hotel_Review-g33364-d7781331-Reviews-or5-Drury_Inn_Suites_Colorado_Springs_near_the_Air_Force_Academy-Colorado_Springs_El_Paso_C.html#REVIEWS,https://www.tripadvisor.com/Hotel_Review-g33364-d7781331-Reviews-or230-Drury_Inn_Suites_Colorado_Springs_near_the_Air_Force_Academy-Colorado_Springs_El_Paso_C.html#REVIEWS,https://www.tripadvisor.com/Hotel_Review-g33364-d7781331-Reviews-or590-Drury_Inn_Suites_Colorado_Springs_near_the_Air_Force_Academy-Colorado_Springs_El_Paso_C.html#REVIEWS",https://www.druryhotels.com
AVzA_6Z0-gnIPe8DSgb_,2017-06-19T15:36:38Z,2019-05-20T20:12:49Z,1170 Interquest Pkwy,"Hotels and motels,Hotel and motel reservations,Hotel",Accommodation & Food Services,Colorado Springs,US,us/co/coloradosprings/1170interquestpkwy/1267687388,38.991085,-104.80846,Drury Inn Suites Colorado Springs Near The Air Force Academy,80921,CO,2015-07-28T00:00:00.000Z,,2018-12-22T00:00:00Z,5,https://www.tripadvisor.com/Hotel_Review-g33364-d7781331-Reviews-or555-Drury_Inn_Suites_Colorado_Springs_near_the_Air_Force_Academy-Colorado_Springs_El_Paso_C.html#REVIEWS,"Clean, spacious, and quiet rooms. Very comfortable accommodations. Breakfast was good for a free buffet style breakfast. I will stay here again. I will also recommend this hotel to friends. This is in a good location to take in the sites around the area.",A little pricey but worth it.,Gideon,Missouri,JRHLindsey,"https://www.tripadvisor.com/Hotel_Review-g33364-d7781331-Reviews-or425-Drury_Inn_Suites_Colorado_Springs_near_the_Air_Force_Academy-Colorado_Springs_El_Paso_C.html#REVIEWS,https://www.tripadvisor.com/Hotel_Review-g33364-d7781331-Reviews-or240-Drury_Inn_Suites_Colorado_Springs_near_the_Air_Force_Academy-Colorado_Springs_El_Paso_C.html#REVIEWS,https://www.tripadvisor.com/Hotel_Review-g33364-d7781331-Reviews-or365-Drury_Inn_Suites_Colorado_Springs_near_the_Air_Force_Academy-Colorado_Springs_El_Paso_C.html#REVIEWS,https://www.tripadvisor.com/Hotel_Review-g33364-d7781331-Reviews-or520-Drury_Inn_Suites_Colorado_Springs_near_the_Air_Force_Academy-Colorado_Springs_El_Paso_C.html#REVIEWS,https://www.tripadvisor.com/Hotel_Review-g33364-d7781331-Reviews-or75-Drury_Inn_Suites_Colorado_Springs_near_the_Air_Force_Academy-Colorado_Springs_El_Paso_C.html#REVIEWS,https://www.tripadvisor.com/Hotel_Review-g33364-d7781331-Reviews-or460-Drury_Inn_Suites_Colorado_Springs_near_the_Air_Force_Academy-Colorado_Springs_El_Paso_C.html#REVIEWS,https://www.tripadvisor.com/Hotel_Review-g33364-d7781331-Reviews-or5-Drury_Inn_Suites_Colorado_Springs_near_the_Air_Force_Academy-Colorado_Springs_El_Paso_C.html#REVIEWS,https://www.tripadvisor.com/Hotel_Review-g33364-d7781331-Reviews-or230-Drury_Inn_Suites_Colorado_Springs_near_the_Air_Force_Academy-Colorado_Springs_El_Paso_C.html#REVIEWS,https://www.tripadvisor.com/Hotel_Review-g33364-d7781331-Reviews-or590-Drury_Inn_Suites_Colorado_Springs_near_the_Air_Force_Academy-Colorado_Springs_El_Paso_C.html#REVIEWS",https://www.druryhotels.com
AVzA_6Z0-gnIPe8DSgb_,2017-06-19T15:36:38Z,2019-05-20T20:12:49Z,1170 Interquest Pkwy,"Hotels and motels,Hotel and motel reservations,Hotel",Accommodation & Food Services,Colorado Springs,US,us/co/coloradosprings/1170interquestpkwy/1267687388,38.991085,-104.80846,Drury Inn Suites Colorado Springs Near The Air Force Academy,80921,CO,2016-05-07T00:00:00.000Z,,2018-12-22T00:00:00Z,5,https://www.tripadvisor.com/Hotel_Review-g33364-d7781331-Reviews-or390-Drury_Inn_Suites_Colorado_Springs_near_the_Air_Force_Academy-Colorado_Springs_El_Paso_C.html#REVIEWS,"The lobby is large and beautifully decorated. The desk staff friendly. The room is well appointed with a great bed and pillows. The bathroom is great really loved the soft towels and the walk into shower with wall dispensers for soap, shampoo and conditioner (no...More",Excels in every way,Schererville,Indiana,Janice R,"https://www.tripadvisor.com/Hotel_Review-g33364-d7781331-Reviews-or425-Drury_Inn_Suites_Colorado_Springs_near_the_Air_Force_Academy-Colorado_Springs_El_Paso_C.html#REVIEWS,https://www.tripadvisor.com/Hotel_Review-g33364-d7781331-Reviews-or240-Drury_Inn_Suites_Colorado_Springs_near_the_Air_Force_Academy-Colorado_Springs_El_Paso_C.html#REVIEWS,https://www.tripadvisor.com/Hotel_Review-g33364-d7781331-Reviews-or365-Drury_Inn_Suites_Colorado_Springs_near_the_Air_Force_Academy-Colorado_Springs_El_Paso_C.html#REVIEWS,https://www.tripadvisor.com/Hotel_Review-g33364-d7781331-Reviews-or520-Drury_Inn_Suites_Colorado_Springs_near_the_Air_Force_Academy-Colorado_Springs_El_Paso_C.html#REVIEWS,https://www.tripadvisor.com/Hotel_Review-g33364-d7781331-Reviews-or75-Drury_Inn_Suites_Colorado_Springs_near_the_Air_Force_Academy-Colorado_Springs_El_Paso_C.html#REVIEWS,https://www.tripadvisor.com/Hotel_Review-g33364-d7781331-Reviews-or460-Drury_Inn_Suites_Colorado_Springs_near_the_Air_Force_Academy-Colorado_Springs_El_Paso_C.html#REVIEWS,https://www.tripadvisor.com/Hotel_Review-g33364-d7781331-Reviews-or5-Drury_Inn_Suites_Colorado_Springs_near_the_Air_Force_Academy-Colorado_Springs_El_Paso_C.html#REVIEWS,https://www.tripadvisor.com/Hotel_Review-g33364-d7781331-Reviews-or230-Drury_Inn_Suites_Colorado_Springs_near_the_Air_Force_Academy-Colorado_Springs_El_Paso_C.html#REVIEWS,https://www.tripadvisor.com/Hotel_Review-g33364-d7781331-Reviews-or590-Drury_Inn_Suites_Colorado_Springs_near_the_Air_Force_Academy-Colorado_Springs_El_Paso_C.html#REVIEWS",https://www.druryhotels.com
AVzA_6Z0-gnIPe8DSgb_,2017-06-19T15:36:38Z,2019-05-20T20:12:49Z,1170 Interquest Pkwy,"Hotels and motels,Hotel and motel reservations,Hotel",Accommodation & Food Services,Colorado Springs,US,us/co/coloradosprings/1170interquestpkwy/1267687388,38.991085,-104.80846,Drury Inn Suites Colorado Springs Near The Air Force Academy,80921,CO,2018-09-16T00:00:00.000Z,,2018-12-22T00:00:00Z,5,https://www.tripadvisor.com/Hotel_Review-g33364-d7781331-Reviews-or10-Drury_Inn_Suites_Colorado_Springs_near_the_Air_Force_Academy-Colorado_Springs_El_Paso_C.html#REVIEWS,Drury Inn Suites near the AF Academy is a GEM!! The staff is SUPER friendly! So are the rooms!The Breakfast is SUPER great variety - and so is the EVENING FEAST! and INCLUSIVE LIQUIDS!!!Considering the price for Your room includes al of the...More,Friendliest Staff in Colorado Springs,Centennial,Colorado,ludwig71937,"https://www.tripadvisor.com/Hotel_Review-g33364-d7781331-Reviews-or425-Drury_Inn_Suites_Colorado_Springs_near_the_Air_Force_Academy-Colorado_Springs_El_Paso_C.html#REVIEWS,https://www.tripadvisor.com/Hotel_Review-g33364-d7781331-Reviews-or240-Drury_Inn_Suites_Colorado_Springs_near_the_Air_Force_Academy-Colorado_Springs_El_Paso_C.html#REVIEWS,https://www.tripadvisor.com/Hotel_Review-g33364-d7781331-Reviews-or365-Drury_Inn_Suites_Colorado_Springs_near_the_Air_Force_Academy-Colorado_Springs_El_Paso_C.html#REVIEWS,https://www.tripadvisor.com/Hotel_Review-g33364-d7781331-Reviews-or520-Drury_Inn_Suites_Colorado_Springs_near_the_Air_Force_Academy-Colorado_Springs_El_Paso_C.html#REVIEWS,https://www.tripadvisor.com/Hotel_Review-g33364-d7781331-Reviews-or75-Drury_Inn_Suites_Colorado_Springs_near_the_Air_Force_Academy-Colorado_Springs_El_Paso_C.html#REVIEWS,https://www.tripadvisor.com/Hotel_Review-g33364-d7781331-Reviews-or460-Drury_Inn_Suites_Colorado_Springs_near_the_Air_Force_Academy-Colorado_Springs_El_Paso_C.html#REVIEWS,https://www.tripadvisor.com/Hotel_Review-g33364-d7781331-Reviews-or5-Drury_Inn_Suites_Colorado_Springs_near_the_Air_Force_Academy-Colorado_Springs_El_Paso_C.html#REVIEWS,https://www.tripadvisor.com/Hotel_Review-g33364-d7781331-Reviews-or230-Drury_Inn_Suites_Colorado_Springs_near_the_Air_Force_Academy-Colorado_Springs_El_Paso_C.html#REVIEWS,https://www.tripadvisor.com/Hotel_Review-g33364-d7781331-Reviews-or590-Drury_Inn_Suites_Colorado_Springs_near_the_Air_Force_Academy-Colorado_Springs_El_Paso_C.html#REVIEWS",https://www.druryhotels.com
AVzA_6Z0-gnIPe8DSgb_,2017-06-19T15:36:38Z,2019-05-20T20:12:49Z,1170 Interquest Pkwy,"Hotels and motels,Hotel and motel reservations,Hotel",Accommodation & Food Services,Colorado Springs,US,us/co/coloradosprings/1170interquestpkwy/1267687388,38.991085,-104.80846,Drury Inn Suites Colorado Springs Near The Air Force Academy,80921,CO,2016-05-15T00:00:00.000Z,,2018-12-22T00:00:00Z,5,https://www.tripadvisor.com/Hotel_Review-g33364-d7781331-Reviews-or385-Drury_Inn_Suites_Colorado_Springs_near_the_Air_Force_Academy-Colorado_Springs_El_Paso_C.html#REVIEWS,"Our organization arranged for our out-of-town Board members to stay at Drury Inn Suites for a Board Meeting, which we also held in one of the Drury Conference Rooms. The management and staff of the Drury Inn provided excellent service and accommodations, going above...More",Board Meeting,Colorado Springs,Colorado,KenSparks,"https://www.tripadvisor.com/Hotel_Review-g33364-d7781331-Reviews-or425-Drury_Inn_Suites_Colorado_Springs_near_the_Air_Force_Academy-Colorado_Springs_El_Paso_C.html#REVIEWS,https://www.tripadvisor.com/Hotel_Review-g33364-d7781331-Reviews-or240-Drury_Inn_Suites_Colorado_Springs_near_the_Air_Force_Academy-Colorado_Springs_El_Paso_C.html#REVIEWS,https://www.tripadvisor.com/Hotel_Review-g33364-d7781331-Reviews-or365-Drury_Inn_Suites_Colorado_Springs_near_the_Air_Force_Academy-Colorado_Springs_El_Paso_C.html#REVIEWS,https://www.tripadvisor.com/Hotel_Review-g33364-d7781331-Reviews-or520-Drury_Inn_Suites_Colorado_Springs_near_the_Air_Force_Academy-Colorado_Springs_El_Paso_C.html#REVIEWS,https://www.tripadvisor.com/Hotel_Review-g33364-d7781331-Reviews-or75-Drury_Inn_Suites_Colorado_Springs_near_the_Air_Force_Academy-Colorado_Springs_El_Paso_C.html#REVIEWS,https://www.tripadvisor.com/Hotel_Review-g33364-d7781331-Reviews-or460-Drury_Inn_Suites_Colorado_Springs_near_the_Air_Force_Academy-Colorado_Springs_El_Paso_C.html#REVIEWS,https://www.tripadvisor.com/Hotel_Review-g33364-d7781331-Reviews-or5-Drury_Inn_Suites_Colorado_Springs_near_the_Air_Force_Academy-Colorado_Springs_El_Paso_C.html#REVIEWS,https://www.tripadvisor.com/Hotel_Review-g33364-d7781331-Reviews-or230-Drury_Inn_Suites_Colorado_Springs_near_the_Air_Force_Academy-Colorado_Springs_El_Paso_C.html#REVIEWS,https://www.tripadvisor.com/Hotel_Review-g33364-d7781331-Reviews-or590-Drury_Inn_Suites_Colorado_Springs_near_the_Air_Force_Academy-Colorado_Springs_El_Paso_C.html#REVIEWS",https://www.druryhotels.com
AVzA_6Z0-gnIPe8DSgb_,2017-06-19T15:36:38Z,2019-05-20T20:12:49Z,1170 Interquest Pkwy,"Hotels and motels,Hotel and motel reservations,Hotel",Accommodation & Food Services,Colorado Springs,US,us/co/coloradosprings/1170interquestpkwy/1267687388,38.991085,-104.80846,Drury Inn Suites Colorado Springs Near The Air Force Academy,80921,CO,2016-11-15T00:00:00.000Z,,2018-12-22T00:00:00Z,5,https://www.tripadvisor.com/Hotel_Review-g33364-d7781331-Reviews-or225-Drury_Inn_Suites_Colorado_Springs_near_the_Air_Force_Academy-Colorado_Springs_El_Paso_C.html#REVIEWS,Our stay was great at the Drury Inn. Stayed on the 7th floor in a king deluxe. The staff were all very nice and courteous. The breakfast was good as well. Also offered free food and drinks from 530pm-7pm. The Hearty Chili was very good.,Great Service,Denver,Colorado,almarcusp23,"https://www.tripadvisor.com/Hotel_Review-g33364-d7781331-Reviews-or425-Drury_Inn_Suites_Colorado_Springs_near_the_Air_Force_Academy-Colorado_Springs_El_Paso_C.html#REVIEWS,https://www.tripadvisor.com/Hotel_Review-g33364-d7781331-Reviews-or240-Drury_Inn_Suites_Colorado_Springs_near_the_Air_Force_Academy-Colorado_Springs_El_Paso_C.html#REVIEWS,https://www.tripadvisor.com/Hotel_Review-g33364-d7781331-Reviews-or365-Drury_Inn_Suites_Colorado_Springs_near_the_Air_Force_Academy-Colorado_Springs_El_Paso_C.html#REVIEWS,https://www.tripadvisor.com/Hotel_Review-g33364-d7781331-Reviews-or520-Drury_Inn_Suites_Colorado_Springs_near_the_Air_Force_Academy-Colorado_Springs_El_Paso_C.html#REVIEWS,https://www.tripadvisor.com/Hotel_Review-g33364-d7781331-Reviews-or75-Drury_Inn_Suites_Colorado_Springs_near_the_Air_Force_Academy-Colorado_Springs_El_Paso_C.html#REVIEWS,https://www.tripadvisor.com/Hotel_Review-g33364-d7781331-Reviews-or460-Drury_Inn_Suites_Colorado_Springs_near_the_Air_Force_Academy-Colorado_Springs_El_Paso_C.html#REVIEWS,https://www.tripadvisor.com/Hotel_Review-g33364-d7781331-Reviews-or5-Drury_Inn_Suites_Colorado_Springs_near_the_Air_Force_Academy-Colorado_Springs_El_Paso_C.html#REVIEWS,https://www.tripadvisor.com/Hotel_Review-g33364-d7781331-Reviews-or230-Drury_Inn_Suites_Colorado_Springs_near_the_Air_Force_Academy-Colorado_Springs_El_Paso_C.html#REVIEWS,https://www.tripadvisor.com/Hotel_Review-g33364-d7781331-Reviews-or590-Drury_Inn_Suites_Colorado_Springs_near_the_Air_Force_Academy-Colorado_Springs_El_Paso_C.html#REVIEWS",https://www.druryhotels.com
AVzA_6Z0-gnIPe8DSgb_,2017-06-19T15:36:38Z,2019-05-20T20:12:49Z,1170 Interquest Pkwy,"Hotels and motels,Hotel and motel reservations,Hotel",Accommodation & Food Services,Colorado Springs,US,us/co/coloradosprings/1170interquestpkwy/1267687388,38.991085,-104.80846,Drury Inn Suites Colorado Springs Near The Air Force Academy,80921,CO,2015-08-04T00:00:00.000Z,,2018-12-22T00:00:00Z,5,https://www.tripadvisor.com/Hotel_Review-g33364-d7781331-Reviews-or545-Drury_Inn_Suites_Colorado_Springs_near_the_Air_Force_Academy-Colorado_Springs_El_Paso_C.html#REVIEWS,"We stayed at the Drury Inn and Suites Colorado Springs for one night. We specifically chose the Drury Inn chain due to a good experience at the Drury Inn Denver Tech Center last summer. We were not disappointed. The hotel was clean, modern, and an...More",Lovely stay at a Drury Inn again,Fort Collins,Colorado,ProMommie,"https://www.tripadvisor.com/Hotel_Review-g33364-d7781331-Reviews-or425-Drury_Inn_Suites_Colorado_Springs_near_the_Air_Force_Academy-Colorado_Springs_El_Paso_C.html#REVIEWS,https://www.tripadvisor.com/Hotel_Review-g33364-d7781331-Reviews-or240-Drury_Inn_Suites_Colorado_Springs_near_the_Air_Force_Academy-Colorado_Springs_El_Paso_C.html#REVIEWS,https://www.tripadvisor.com/Hotel_Review-g33364-d7781331-Reviews-or365-Drury_Inn_Suites_Colorado_Springs_near_the_Air_Force_Academy-Colorado_Springs_El_Paso_C.html#REVIEWS,https://www.tripadvisor.com/Hotel_Review-g33364-d7781331-Reviews-or520-Drury_Inn_Suites_Colorado_Springs_near_the_Air_Force_Academy-Colorado_Springs_El_Paso_C.html#REVIEWS,https://www.tripadvisor.com/Hotel_Review-g33364-d7781331-Reviews-or75-Drury_Inn_Suites_Colorado_Springs_near_the_Air_Force_Academy-Colorado_Springs_El_Paso_C.html#REVIEWS,https://www.tripadvisor.com/Hotel_Review-g33364-d7781331-Reviews-or460-Drury_Inn_Suites_Colorado_Springs_near_the_Air_Force_Academy-Colorado_Springs_El_Paso_C.html#REVIEWS,https://www.tripadvisor.com/Hotel_Review-g33364-d7781331-Reviews-or5-Drury_Inn_Suites_Colorado_Springs_near_the_Air_Force_Academy-Colorado_Springs_El_Paso_C.html#REVIEWS,https://www.tripadvisor.com/Hotel_Review-g33364-d7781331-Reviews-or230-Drury_Inn_Suites_Colorado_Springs_near_the_Air_Force_Academy-Colorado_Springs_El_Paso_C.html#REVIEWS,https://www.tripadvisor.com/Hotel_Review-g33364-d7781331-Reviews-or590-Drury_Inn_Suites_Colorado_Springs_near_the_Air_Force_Academy-Colorado_Springs_El_Paso_C.html#REVIEWS",https://www.druryhotels.com
AVzA_6Z0-gnIPe8DSgb_,2017-06-19T15:36:38Z,2019-05-20T20:12:49Z,1170 Interquest Pkwy,"Hotels and motels,Hotel and motel reservations,Hotel",Accommodation & Food Services,Colorado Springs,US,us/co/coloradosprings/1170interquestpkwy/1267687388,38.991085,-104.80846,Drury Inn Suites Colorado Springs Near The Air Force Academy,80921,CO,2017-03-23T00:00:00.000Z,,2018-12-22T00:00:00Z,5,https://www.tripadvisor.com/Hotel_Review-g33364-d7781331-Reviews-or205-Drury_Inn_Suites_Colorado_Springs_near_the_Air_Force_Academy-Colorado_Springs_El_Paso_C.html#REVIEWS,"We were introduced to Drury Hotels by an acquaintance. Now we stay everywhere that has one on our trip route. Colorado Springs is a good example of the best of the best. It is beyond clean the staff are helpful, friendly, and polite. The Manager...More",Wish the was more Drury Hotels,Regina,Saskatchewan,Donna B,"https://www.tripadvisor.com/Hotel_Review-g33364-d7781331-Reviews-or425-Drury_Inn_Suites_Colorado_Springs_near_the_Air_Force_Academy-Colorado_Springs_El_Paso_C.html#REVIEWS,https://www.tripadvisor.com/Hotel_Review-g33364-d7781331-Reviews-or240-Drury_Inn_Suites_Colorado_Springs_near_the_Air_Force_Academy-Colorado_Springs_El_Paso_C.html#REVIEWS,https://www.tripadvisor.com/Hotel_Review-g33364-d7781331-Reviews-or365-Drury_Inn_Suites_Colorado_Springs_near_the_Air_Force_Academy-Colorado_Springs_El_Paso_C.html#REVIEWS,https://www.tripadvisor.com/Hotel_Review-g33364-d7781331-Reviews-or520-Drury_Inn_Suites_Colorado_Springs_near_the_Air_Force_Academy-Colorado_Springs_El_Paso_C.html#REVIEWS,https://www.tripadvisor.com/Hotel_Review-g33364-d7781331-Reviews-or75-Drury_Inn_Suites_Colorado_Springs_near_the_Air_Force_Academy-Colorado_Springs_El_Paso_C.html#REVIEWS,https://www.tripadvisor.com/Hotel_Review-g33364-d7781331-Reviews-or460-Drury_Inn_Suites_Colorado_Springs_near_the_Air_Force_Academy-Colorado_Springs_El_Paso_C.html#REVIEWS,https://www.tripadvisor.com/Hotel_Review-g33364-d7781331-Reviews-or5-Drury_Inn_Suites_Colorado_Springs_near_the_Air_Force_Academy-Colorado_Springs_El_Paso_C.html#REVIEWS,https://www.tripadvisor.com/Hotel_Review-g33364-d7781331-Reviews-or230-Drury_Inn_Suites_Colorado_Springs_near_the_Air_Force_Academy-Colorado_Springs_El_Paso_C.html#REVIEWS,https://www.tripadvisor.com/Hotel_Review-g33364-d7781331-Reviews-or590-Drury_Inn_Suites_Colorado_Springs_near_the_Air_Force_Academy-Colorado_Springs_El_Paso_C.html#REVIEWS",https://www.druryhotels.com
AVzA_6Z0-gnIPe8DSgb_,2017-06-19T15:36:38Z,2019-05-20T20:12:49Z,1170 Interquest Pkwy,"Hotels and motels,Hotel and motel reservations,Hotel",Accommodation & Food Services,Colorado Springs,US,us/co/coloradosprings/1170interquestpkwy/1267687388,38.991085,-104.80846,Drury Inn Suites Colorado Springs Near The Air Force Academy,80921,CO,2018-06-27T00:00:00.000Z,,2018-12-22T00:00:00Z,5,https://www.tripadvisor.com/Hotel_Review-g33364-d7781331-Reviews-or50-Drury_Inn_Suites_Colorado_Springs_near_the_Air_Force_Academy-Colorado_Springs_El_Paso_C.html#REVIEWS,"First, this was the first time I have ever stayed at a Drury Inn, and I am here to say it was absolutely the best choice I made for this trip. It was within 7 minutes of where I needed to be, it is clean,...More",Comfortable Stay,Alpharetta,Georgia,995eddies,"https://www.tripadvisor.com/Hotel_Review-g33364-d7781331-Reviews-or425-Drury_Inn_Suites_Colorado_Springs_near_the_Air_Force_Academy-Colorado_Springs_El_Paso_C.html#REVIEWS,https://www.tripadvisor.com/Hotel_Review-g33364-d7781331-Reviews-or240-Drury_Inn_Suites_Colorado_Springs_near_the_Air_Force_Academy-Colorado_Springs_El_Paso_C.html#REVIEWS,https://www.tripadvisor.com/Hotel_Review-g33364-d7781331-Reviews-or365-Drury_Inn_Suites_Colorado_Springs_near_the_Air_Force_Academy-Colorado_Springs_El_Paso_C.html#REVIEWS,https://www.tripadvisor.com/Hotel_Review-g33364-d7781331-Reviews-or520-Drury_Inn_Suites_Colorado_Springs_near_the_Air_Force_Academy-Colorado_Springs_El_Paso_C.html#REVIEWS,https://www.tripadvisor.com/Hotel_Review-g33364-d7781331-Reviews-or75-Drury_Inn_Suites_Colorado_Springs_near_the_Air_Force_Academy-Colorado_Springs_El_Paso_C.html#REVIEWS,https://www.tripadvisor.com/Hotel_Review-g33364-d7781331-Reviews-or460-Drury_Inn_Suites_Colorado_Springs_near_the_Air_Force_Academy-Colorado_Springs_El_Paso_C.html#REVIEWS,https://www.tripadvisor.com/Hotel_Review-g33364-d7781331-Reviews-or5-Drury_Inn_Suites_Colorado_Springs_near_the_Air_Force_Academy-Colorado_Springs_El_Paso_C.html#REVIEWS,https://www.tripadvisor.com/Hotel_Review-g33364-d7781331-Reviews-or230-Drury_Inn_Suites_Colorado_Springs_near_the_Air_Force_Academy-Colorado_Springs_El_Paso_C.html#REVIEWS,https://www.tripadvisor.com/Hotel_Review-g33364-d7781331-Reviews-or590-Drury_Inn_Suites_Colorado_Springs_near_the_Air_Force_Academy-Colorado_Springs_El_Paso_C.html#REVIEWS",https://www.druryhotels.com
AVzA_6Z0-gnIPe8DSgb_,2017-06-19T15:36:38Z,2019-05-20T20:12:49Z,1170 Interquest Pkwy,"Hotels and motels,Hotel and motel reservations,Hotel",Accommodation & Food Services,Colorado Springs,US,us/co/coloradosprings/1170interquestpkwy/1267687388,38.991085,-104.80846,Drury Inn Suites Colorado Springs Near The Air Force Academy,80921,CO,2017-05-18T00:00:00.000Z,,2018-12-22T00:00:00Z,5,https://www.tripadvisor.com/Hotel_Review-g33364-d7781331-Reviews-or185-Drury_Inn_Suites_Colorado_Springs_near_the_Air_Force_Academy-Colorado_Springs_El_Paso_C.html#REVIEWS,This hotel has a great view of Pikes Peak. It's right up there with the rest of the Drury Hotels. Very clean. Friendly staff. There are a lot of restaurant options nearby. Unfortunately for me most of them are restaurants I have in my hometown.,Nice,Bryan,Texas,Yorlive,"https://www.tripadvisor.com/Hotel_Review-g33364-d7781331-Reviews-or425-Drury_Inn_Suites_Colorado_Springs_near_the_Air_Force_Academy-Colorado_Springs_El_Paso_C.html#REVIEWS,https://www.tripadvisor.com/Hotel_Review-g33364-d7781331-Reviews-or240-Drury_Inn_Suites_Colorado_Springs_near_the_Air_Force_Academy-Colorado_Springs_El_Paso_C.html#REVIEWS,https://www.tripadvisor.com/Hotel_Review-g33364-d7781331-Reviews-or365-Drury_Inn_Suites_Colorado_Springs_near_the_Air_Force_Academy-Colorado_Springs_El_Paso_C.html#REVIEWS,https://www.tripadvisor.com/Hotel_Review-g33364-d7781331-Reviews-or520-Drury_Inn_Suites_Colorado_Springs_near_the_Air_Force_Academy-Colorado_Springs_El_Paso_C.html#REVIEWS,https://www.tripadvisor.com/Hotel_Review-g33364-d7781331-Reviews-or75-Drury_Inn_Suites_Colorado_Springs_near_the_Air_Force_Academy-Colorado_Springs_El_Paso_C.html#REVIEWS,https://www.tripadvisor.com/Hotel_Review-g33364-d7781331-Reviews-or460-Drury_Inn_Suites_Colorado_Springs_near_the_Air_Force_Academy-Colorado_Springs_El_Paso_C.html#REVIEWS,https://www.tripadvisor.com/Hotel_Review-g33364-d7781331-Reviews-or5-Drury_Inn_Suites_Colorado_Springs_near_the_Air_Force_Academy-Colorado_Springs_El_Paso_C.html#REVIEWS,https://www.tripadvisor.com/Hotel_Review-g33364-d7781331-Reviews-or230-Drury_Inn_Suites_Colorado_Springs_near_the_Air_Force_Academy-Colorado_Springs_El_Paso_C.html#REVIEWS,https://www.tripadvisor.com/Hotel_Review-g33364-d7781331-Reviews-or590-Drury_Inn_Suites_Colorado_Springs_near_the_Air_Force_Academy-Colorado_Springs_El_Paso_C.html#REVIEWS",https://www.druryhotels.com
AVzA_6Z0-gnIPe8DSgb_,2017-06-19T15:36:38Z,2019-05-20T20:12:49Z,1170 Interquest Pkwy,"Hotels and motels,Hotel and motel reservations,Hotel",Accommodation & Food Services,Colorado Springs,US,us/co/coloradosprings/1170interquestpkwy/1267687388,38.991085,-104.80846,Drury Inn Suites Colorado Springs Near The Air Force Academy,80921,CO,2016-06-18T00:00:00.000Z,,2018-12-22T00:00:00Z,5,https://www.tripadvisor.com/Hotel_Review-g33364-d7781331-Reviews-or360-Drury_Inn_Suites_Colorado_Springs_near_the_Air_Force_Academy-Colorado_Springs_El_Paso_C.html#REVIEWS,This is a great hotel! Our first time staying at a Drury Inn but definitely won't be our last! The Hotel was in great condition. My kids loved the indoor/outdoor pool and the hot tub. The happy hour was amazing and had so much food...More,Great hotel!!,Albuquerque,NewMexico,59jessicac,"https://www.tripadvisor.com/Hotel_Review-g33364-d7781331-Reviews-or425-Drury_Inn_Suites_Colorado_Springs_near_the_Air_Force_Academy-Colorado_Springs_El_Paso_C.html#REVIEWS,https://www.tripadvisor.com/Hotel_Review-g33364-d7781331-Reviews-or240-Drury_Inn_Suites_Colorado_Springs_near_the_Air_Force_Academy-Colorado_Springs_El_Paso_C.html#REVIEWS,https://www.tripadvisor.com/Hotel_Review-g33364-d7781331-Reviews-or365-Drury_Inn_Suites_Colorado_Springs_near_the_Air_Force_Academy-Colorado_Springs_El_Paso_C.html#REVIEWS,https://www.tripadvisor.com/Hotel_Review-g33364-d7781331-Reviews-or520-Drury_Inn_Suites_Colorado_Springs_near_the_Air_Force_Academy-Colorado_Springs_El_Paso_C.html#REVIEWS,https://www.tripadvisor.com/Hotel_Review-g33364-d7781331-Reviews-or75-Drury_Inn_Suites_Colorado_Springs_near_the_Air_Force_Academy-Colorado_Springs_El_Paso_C.html#REVIEWS,https://www.tripadvisor.com/Hotel_Review-g33364-d7781331-Reviews-or460-Drury_Inn_Suites_Colorado_Springs_near_the_Air_Force_Academy-Colorado_Springs_El_Paso_C.html#REVIEWS,https://www.tripadvisor.com/Hotel_Review-g33364-d7781331-Reviews-or5-Drury_Inn_Suites_Colorado_Springs_near_the_Air_Force_Academy-Colorado_Springs_El_Paso_C.html#REVIEWS,https://www.tripadvisor.com/Hotel_Review-g33364-d7781331-Reviews-or230-Drury_Inn_Suites_Colorado_Springs_near_the_Air_Force_Academy-Colorado_Springs_El_Paso_C.html#REVIEWS,https://www.tripadvisor.com/Hotel_Review-g33364-d7781331-Reviews-or590-Drury_Inn_Suites_Colorado_Springs_near_the_Air_Force_Academy-Colorado_Springs_El_Paso_C.html#REVIEWS",https://www.druryhotels.com
AVzA_6Z0-gnIPe8DSgb_,2017-06-19T15:36:38Z,2019-05-20T20:12:49Z,1170 Interquest Pkwy,"Hotels and motels,Hotel and motel reservations,Hotel",Accommodation & Food Services,Colorado Springs,US,us/co/coloradosprings/1170interquestpkwy/1267687388,38.991085,-104.80846,Drury Inn Suites Colorado Springs Near The Air Force Academy,80921,CO,2018-05-29T00:00:00.000Z,,2018-12-22T00:00:00Z,5,https://www.tripadvisor.com/Hotel_Review-g33364-d7781331-Reviews-or70-Drury_Inn_Suites_Colorado_Springs_near_the_Air_Force_Academy-Colorado_Springs_El_Paso_C.html#REVIEWS,From the moment we checked in until we left two days later we had excellent service from everyone. Our room on the fifth floor had amazing views over the mountains. The room was very clean and everywhere in the hotel was clean and tidy. Brian...More,Two nights was too short!,Bradenton,Florida,Jo K,"https://www.tripadvisor.com/Hotel_Review-g33364-d7781331-Reviews-or425-Drury_Inn_Suites_Colorado_Springs_near_the_Air_Force_Academy-Colorado_Springs_El_Paso_C.html#REVIEWS,https://www.tripadvisor.com/Hotel_Review-g33364-d7781331-Reviews-or240-Drury_Inn_Suites_Colorado_Springs_near_the_Air_Force_Academy-Colorado_Springs_El_Paso_C.html#REVIEWS,https://www.tripadvisor.com/Hotel_Review-g33364-d7781331-Reviews-or365-Drury_Inn_Suites_Colorado_Springs_near_the_Air_Force_Academy-Colorado_Springs_El_Paso_C.html#REVIEWS,https://www.tripadvisor.com/Hotel_Review-g33364-d7781331-Reviews-or520-Drury_Inn_Suites_Colorado_Springs_near_the_Air_Force_Academy-Colorado_Springs_El_Paso_C.html#REVIEWS,https://www.tripadvisor.com/Hotel_Review-g33364-d7781331-Reviews-or75-Drury_Inn_Suites_Colorado_Springs_near_the_Air_Force_Academy-Colorado_Springs_El_Paso_C.html#REVIEWS,https://www.tripadvisor.com/Hotel_Review-g33364-d7781331-Reviews-or460-Drury_Inn_Suites_Colorado_Springs_near_the_Air_Force_Academy-Colorado_Springs_El_Paso_C.html#REVIEWS,https://www.tripadvisor.com/Hotel_Review-g33364-d7781331-Reviews-or5-Drury_Inn_Suites_Colorado_Springs_near_the_Air_Force_Academy-Colorado_Springs_El_Paso_C.html#REVIEWS,https://www.tripadvisor.com/Hotel_Review-g33364-d7781331-Reviews-or230-Drury_Inn_Suites_Colorado_Springs_near_the_Air_Force_Academy-Colorado_Springs_El_Paso_C.html#REVIEWS,https://www.tripadvisor.com/Hotel_Review-g33364-d7781331-Reviews-or590-Drury_Inn_Suites_Colorado_Springs_near_the_Air_Force_Academy-Colorado_Springs_El_Paso_C.html#REVIEWS",https://www.druryhotels.com
AVzA_6Z0-gnIPe8DSgb_,2017-06-19T15:36:38Z,2019-05-20T20:12:49Z,1170 Interquest Pkwy,"Hotels and motels,Hotel and motel reservations,Hotel",Accommodation & Food Services,Colorado Springs,US,us/co/coloradosprings/1170interquestpkwy/1267687388,38.991085,-104.80846,Drury Inn Suites Colorado Springs Near The Air Force Academy,80921,CO,2016-02-08T00:00:00.000Z,,2018-12-22T00:00:00Z,4,https://www.tripadvisor.com/Hotel_Review-g33364-d7781331-Reviews-or435-Drury_Inn_Suites_Colorado_Springs_near_the_Air_Force_Academy-Colorado_Springs_El_Paso_C.html#REVIEWS,This is a new location and staff is friendly and attentive. I know what I'll get each time I stay and that is a good stay in a nice room. Food for breakfast and evening happy hour is good. This place is always clean and...More,Trusted Stay,Denver,Colorado,Lance Y,"https://www.tripadvisor.com/Hotel_Review-g33364-d7781331-Reviews-or425-Drury_Inn_Suites_Colorado_Springs_near_the_Air_Force_Academy-Colorado_Springs_El_Paso_C.html#REVIEWS,https://www.tripadvisor.com/Hotel_Review-g33364-d7781331-Reviews-or240-Drury_Inn_Suites_Colorado_Springs_near_the_Air_Force_Academy-Colorado_Springs_El_Paso_C.html#REVIEWS,https://www.tripadvisor.com/Hotel_Review-g33364-d7781331-Reviews-or365-Drury_Inn_Suites_Colorado_Springs_near_the_Air_Force_Academy-Colorado_Springs_El_Paso_C.html#REVIEWS,https://www.tripadvisor.com/Hotel_Review-g33364-d7781331-Reviews-or520-Drury_Inn_Suites_Colorado_Springs_near_the_Air_Force_Academy-Colorado_Springs_El_Paso_C.html#REVIEWS,https://www.tripadvisor.com/Hotel_Review-g33364-d7781331-Reviews-or75-Drury_Inn_Suites_Colorado_Springs_near_the_Air_Force_Academy-Colorado_Springs_El_Paso_C.html#REVIEWS,https://www.tripadvisor.com/Hotel_Review-g33364-d7781331-Reviews-or460-Drury_Inn_Suites_Colorado_Springs_near_the_Air_Force_Academy-Colorado_Springs_El_Paso_C.html#REVIEWS,https://www.tripadvisor.com/Hotel_Review-g33364-d7781331-Reviews-or5-Drury_Inn_Suites_Colorado_Springs_near_the_Air_Force_Academy-Colorado_Springs_El_Paso_C.html#REVIEWS,https://www.tripadvisor.com/Hotel_Review-g33364-d7781331-Reviews-or230-Drury_Inn_Suites_Colorado_Springs_near_the_Air_Force_Academy-Colorado_Springs_El_Paso_C.html#REVIEWS,https://www.tripadvisor.com/Hotel_Review-g33364-d7781331-Reviews-or590-Drury_Inn_Suites_Colorado_Springs_near_the_Air_Force_Academy-Colorado_Springs_El_Paso_C.html#REVIEWS",https://www.druryhotels.com
AVzA_6Z0-gnIPe8DSgb_,2017-06-19T15:36:38Z,2019-05-20T20:12:49Z,1170 Interquest Pkwy,"Hotels and motels,Hotel and motel reservations,Hotel",Accommodation & Food Services,Colorado Springs,US,us/co/coloradosprings/1170interquestpkwy/1267687388,38.991085,-104.80846,Drury Inn Suites Colorado Springs Near The Air Force Academy,80921,CO,2015-08-20T00:00:00.000Z,,2018-12-22T00:00:00Z,5,https://www.tripadvisor.com/Hotel_Review-g33364-d7781331-Reviews-or530-Drury_Inn_Suites_Colorado_Springs_near_the_Air_Force_Academy-Colorado_Springs_El_Paso_C.html#REVIEWS,"We have never stayed here before but decided to give it a try based on the reviews we read. The staff was amazing. The room is bright, clean, and comfortable. The free breakfast and happy hour, along with the popcorn was a bonus and helpful...More",Amazing value and quality,Plymouth,Minnesota,Diane D,"https://www.tripadvisor.com/Hotel_Review-g33364-d7781331-Reviews-or425-Drury_Inn_Suites_Colorado_Springs_near_the_Air_Force_Academy-Colorado_Springs_El_Paso_C.html#REVIEWS,https://www.tripadvisor.com/Hotel_Review-g33364-d7781331-Reviews-or240-Drury_Inn_Suites_Colorado_Springs_near_the_Air_Force_Academy-Colorado_Springs_El_Paso_C.html#REVIEWS,https://www.tripadvisor.com/Hotel_Review-g33364-d7781331-Reviews-or365-Drury_Inn_Suites_Colorado_Springs_near_the_Air_Force_Academy-Colorado_Springs_El_Paso_C.html#REVIEWS,https://www.tripadvisor.com/Hotel_Review-g33364-d7781331-Reviews-or520-Drury_Inn_Suites_Colorado_Springs_near_the_Air_Force_Academy-Colorado_Springs_El_Paso_C.html#REVIEWS,https://www.tripadvisor.com/Hotel_Review-g33364-d7781331-Reviews-or75-Drury_Inn_Suites_Colorado_Springs_near_the_Air_Force_Academy-Colorado_Springs_El_Paso_C.html#REVIEWS,https://www.tripadvisor.com/Hotel_Review-g33364-d7781331-Reviews-or460-Drury_Inn_Suites_Colorado_Springs_near_the_Air_Force_Academy-Colorado_Springs_El_Paso_C.html#REVIEWS,https://www.tripadvisor.com/Hotel_Review-g33364-d7781331-Reviews-or5-Drury_Inn_Suites_Colorado_Springs_near_the_Air_Force_Academy-Colorado_Springs_El_Paso_C.html#REVIEWS,https://www.tripadvisor.com/Hotel_Review-g33364-d7781331-Reviews-or230-Drury_Inn_Suites_Colorado_Springs_near_the_Air_Force_Academy-Colorado_Springs_El_Paso_C.html#REVIEWS,https://www.tripadvisor.com/Hotel_Review-g33364-d7781331-Reviews-or590-Drury_Inn_Suites_Colorado_Springs_near_the_Air_Force_Academy-Colorado_Springs_El_Paso_C.html#REVIEWS",https://www.druryhotels.com
AVzA_6Z0-gnIPe8DSgb_,2017-06-19T15:36:38Z,2019-05-20T20:12:49Z,1170 Interquest Pkwy,"Hotels and motels,Hotel and motel reservations,Hotel",Accommodation & Food Services,Colorado Springs,US,us/co/coloradosprings/1170interquestpkwy/1267687388,38.991085,-104.80846,Drury Inn Suites Colorado Springs Near The Air Force Academy,80921,CO,2016-10-18T00:00:00.000Z,,2018-12-22T00:00:00Z,1,https://www.tripadvisor.com/Hotel_Review-g33364-d7781331-Reviews-or245-Drury_Inn_Suites_Colorado_Springs_near_the_Air_Force_Academy-Colorado_Springs_El_Paso_C.html#REVIEWS,"The hotel is clean, comfortable, cheap, has a small indoor/outdoor pool, large hot tub, provides extras like free breakfast, free dinner, free wi-fi, and free popcorn. The food wasn't great - a lot of mushy pasta at dinner - baked potatoes were good but the...More",Please switch to reusable plates and silverware!,Longmont,Colorado,traveling_smiles,"https://www.tripadvisor.com/Hotel_Review-g33364-d7781331-Reviews-or425-Drury_Inn_Suites_Colorado_Springs_near_the_Air_Force_Academy-Colorado_Springs_El_Paso_C.html#REVIEWS,https://www.tripadvisor.com/Hotel_Review-g33364-d7781331-Reviews-or240-Drury_Inn_Suites_Colorado_Springs_near_the_Air_Force_Academy-Colorado_Springs_El_Paso_C.html#REVIEWS,https://www.tripadvisor.com/Hotel_Review-g33364-d7781331-Reviews-or365-Drury_Inn_Suites_Colorado_Springs_near_the_Air_Force_Academy-Colorado_Springs_El_Paso_C.html#REVIEWS,https://www.tripadvisor.com/Hotel_Review-g33364-d7781331-Reviews-or520-Drury_Inn_Suites_Colorado_Springs_near_the_Air_Force_Academy-Colorado_Springs_El_Paso_C.html#REVIEWS,https://www.tripadvisor.com/Hotel_Review-g33364-d7781331-Reviews-or75-Drury_Inn_Suites_Colorado_Springs_near_the_Air_Force_Academy-Colorado_Springs_El_Paso_C.html#REVIEWS,https://www.tripadvisor.com/Hotel_Review-g33364-d7781331-Reviews-or460-Drury_Inn_Suites_Colorado_Springs_near_the_Air_Force_Academy-Colorado_Springs_El_Paso_C.html#REVIEWS,https://www.tripadvisor.com/Hotel_Review-g33364-d7781331-Reviews-or5-Drury_Inn_Suites_Colorado_Springs_near_the_Air_Force_Academy-Colorado_Springs_El_Paso_C.html#REVIEWS,https://www.tripadvisor.com/Hotel_Review-g33364-d7781331-Reviews-or230-Drury_Inn_Suites_Colorado_Springs_near_the_Air_Force_Academy-Colorado_Springs_El_Paso_C.html#REVIEWS,https://www.tripadvisor.com/Hotel_Review-g33364-d7781331-Reviews-or590-Drury_Inn_Suites_Colorado_Springs_near_the_Air_Force_Academy-Colorado_Springs_El_Paso_C.html#REVIEWS",https://www.druryhotels.com
AVwdHyHXIN2L1WUfsbS3,2016-04-09T07:55:20Z,2019-05-20T20:12:39Z,1341 S Saint Vrain Ave,"Hotels,Hotels and motels,Lodging,Hotels Motels,Motels,Hotel",Accommodation & Food Services,Estes Park,US,us/co/estespark/1341ssaintvrainave/903442684,40.3583,-105.5045,Saddle Surrey Motel,80517,CO,2015-08-09T00:00:00Z,,2016-04-07T00:00:00Z,5,https://www.tripadvisor.com/Hotel_Review-g60945-d472063-Reviews-or30-Saddle_Surrey_Motel-Estes_Park_Colorado.html%25252523REVIEWS,"I booked our room the night before we stayed after reading the reviews. Although it seemed a little pricey, it was the best price in the area for the busy season. We came after a day at RMNP. Great location, not in the middle of busy downtown Estes Park but close if you want to enjoy the town. It is... More",Best place to stay on our vacation!,Fowler,IN,Giselle70,"http://www.tripadvisor.com/Hotel_Review-g60945-d472063-Reviews-Saddle_Surrey_Motel-Estes_Park_Rocky_Mountain_National_Park_Colorado.html,http://www.citysearch.com/profile/1889980/estes_park_co/saddle_surrey_motel.html,http://www.yellowpages.com/estes-park-co/mip/saddle-surrey-motel-4020244,https://www.yellowbook.com/profile/saddle-and-surrey-motel_1539762983.html,https://www.tripadvisor.com/Hotel_Review-g60945-d472063-Reviews-or30-Saddle_Surrey_Motel-Estes_Park_Colorado.html%25252523REVIEWS,http://www.yellowbook.com/profile/saddle-and-surrey-motel_1539762983.html,https://www.tripadvisor.com/Hotel_Review-g60945-d472063-Reviews-or10-Saddle_Surrey_Motel-Estes_Park_Colorado.html%25252523REVIEWS","http://www.saddleandsurrey.com,http://www.saddleandsurrey.com/"
AVwdHyHXIN2L1WUfsbS3,2016-04-09T07:55:20Z,2019-05-20T20:12:39Z,1341 S Saint Vrain Ave,"Hotels,Hotels and motels,Lodging,Hotels Motels,Motels,Hotel",Accommodation & Food Services,Estes Park,US,us/co/estespark/1341ssaintvrainave/903442684,40.3583,-105.5045,Saddle Surrey Motel,80517,CO,2015-08-14T00:00:00Z,,2016-04-07T00:00:00Z,3,https://www.tripadvisor.com/Hotel_Review-g60945-d472063-Reviews-or30-Saddle_Surrey_Motel-Estes_Park_Colorado.html%25252523REVIEWS,"We stayed here after traveling through Rocky Mountain Nat'l Park. Not a chain motel. The room was small, but very clean. Very friendly staff. Bed was very comfortable. Room had a microwave and refrigerator. TV was low def (not HD). Wifi was spotty and somewhat slow. Continental breakfast was light - sweet rolls, donuts, muffins, coffee, cereal - no orange... More",Nice Hotel in Estes Park,Eagle River,AK,Alaska23_Family,"http://www.tripadvisor.com/Hotel_Review-g60945-d472063-Reviews-Saddle_Surrey_Motel-Estes_Park_Rocky_Mountain_National_Park_Colorado.html,http://www.citysearch.com/profile/1889980/estes_park_co/saddle_surrey_motel.html,http://www.yellowpages.com/estes-park-co/mip/saddle-surrey-motel-4020244,https://www.yellowbook.com/profile/saddle-and-surrey-motel_1539762983.html,https://www.tripadvisor.com/Hotel_Review-g60945-d472063-Reviews-or30-Saddle_Surrey_Motel-Estes_Park_Colorado.html%25252523REVIEWS,http://www.yellowbook.com/profile/saddle-and-surrey-motel_1539762983.html,https://www.tripadvisor.com/Hotel_Review-g60945-d472063-Reviews-or10-Saddle_Surrey_Motel-Estes_Park_Colorado.html%25252523REVIEWS","http://www.saddleandsurrey.com,http://www.saddleandsurrey.com/"
AVwdyBCp_7pvs4fz9N1Z,2015-10-22T15:21:30Z,2019-05-20T17:59:34Z,1639 E Jackson St,"Hotels,Hotels and motels,Corporate Lodging,Lodging,Hotel and Hotel Pool,Hotel,Hotel Pool",Accommodation & Food Services,Macomb,US,us/il/macomb/1639ejacksonst/614742567,40.456954,-90.646077,Hampton Inn-macomb,61455,IL,2016-02-05T00:00:00Z,,2016-03-23T00:00:00Z,4,http://www.tripadvisor.com/Hotel_Review-g36301-d1477338-Reviews-Hampton_Inn_Macomb-Macomb_Illinois.html,"nice clean hotel. Near WIU campus. Front desk very helpful, after traveling all day able to check into our room early. Rooms very clean Breakfast was nice, hot and plentiful not far from stores and places to eat dinner",College visit,Herrin,IL,Maliea F,"http://www.yellowpages.com/macomb-il/mip/hampton-inn-macomb-475018432,https://www.yellowbook.com/profile/hampton-inn-macomb_1616743594.html,http://www.tripadvisor.com/Hotel_Review-g36301-d1477338-Reviews-or10-Hampton_Inn_Macomb-Macomb_Illinois.html%25252523REVIEWS,http://www.tripadvisor.com/Hotel_Review-g36301-d1477338-Reviews-or20-Hampton_Inn_Macomb-Macomb_Illinois.html%25252523REVIEWS,https://www.tripadvisor.com/Hotel_Review-g36301-d1477338-Reviews-Hampton_Inn_Macomb-Macomb_Illinois.html,http://www.tripadvisor.com/Hotel_Review-g36301-d1477338-Reviews-Hampton_Inn_Macomb-Macomb_Illinois.html,https://foursquare.com/v/hampton-inn-macomb/4bd8c3112ecdce726cefd0f2","http://www.hamptoninn3.hilton.com,http://www.hamptoninn3.hilton.com/,http://hamptoninn3.hilton.com/en/hotels/illinois/hampton-inn-macomb-MQBILHX/index.html,http://macomb.hamptoninn.com/,https://ad.doubleclick.net/ddm/clk/317271033;145636969;l;u=Y_MQBILHX_W_D?http://www3.hilton.com/en_US/hi/doorway/index.htm?sourceCode=00081391andredirectURL=http%3A%2F%2Fwww3.hilton.com%2Fen%2Fhotels%2F0%2FMQBILHX%2Findex.html%3FWT.mc_id%3DzDA01MB2OLG34YX"
AVwdyBCp_7pvs4fz9N1Z,2015-10-22T15:21:30Z,2019-05-20T17:59:34Z,1639 E Jackson St,"Hotels,Hotels and motels,Corporate Lodging,Lodging,Hotel and Hotel Pool,Hotel,Hotel Pool",Accommodation & Food Services,Macomb,US,us/il/macomb/1639ejacksonst/614742567,40.456954,-90.646077,Hampton Inn-macomb,61455,IL,2016-02-17T00:00:00Z,,2016-03-23T00:00:00Z,5,http://www.tripadvisor.com/Hotel_Review-g36301-d1477338-Reviews-Hampton_Inn_Macomb-Macomb_Illinois.html,"My daughter and I stayed at the Hampton Inn during a visit to WIU for Audition Day! Perfect Experience! Comfy, clean beds with fluffy comforters and great pillows. Totally updated bathroom with fine finishes. Breakfast was awesome and the dining area was so nice. We will be back again",Wonderful Place to stay!,Muscatine,IA,ajelgatian,"http://www.yellowpages.com/macomb-il/mip/hampton-inn-macomb-475018432,https://www.yellowbook.com/profile/hampton-inn-macomb_1616743594.html,http://www.tripadvisor.com/Hotel_Review-g36301-d1477338-Reviews-or10-Hampton_Inn_Macomb-Macomb_Illinois.html%25252523REVIEWS,http://www.tripadvisor.com/Hotel_Review-g36301-d1477338-Reviews-or20-Hampton_Inn_Macomb-Macomb_Illinois.html%25252523REVIEWS,https://www.tripadvisor.com/Hotel_Review-g36301-d1477338-Reviews-Hampton_Inn_Macomb-Macomb_Illinois.html,http://www.tripadvisor.com/Hotel_Review-g36301-d1477338-Reviews-Hampton_Inn_Macomb-Macomb_Illinois.html,https://foursquare.com/v/hampton-inn-macomb/4bd8c3112ecdce726cefd0f2","http://www.hamptoninn3.hilton.com,http://www.hamptoninn3.hilton.com/,http://hamptoninn3.hilton.com/en/hotels/illinois/hampton-inn-macomb-MQBILHX/index.html,http://macomb.hamptoninn.com/,https://ad.doubleclick.net/ddm/clk/317271033;145636969;l;u=Y_MQBILHX_W_D?http://www3.hilton.com/en_US/hi/doorway/index.htm?sourceCode=00081391andredirectURL=http%3A%2F%2Fwww3.hilton.com%2Fen%2Fhotels%2F0%2FMQBILHX%2Findex.html%3FWT.mc_id%3DzDA01MB2OLG34YX"
AV1thhZpIxWefVJwhDL7,2017-07-23T03:38:10Z,2019-05-20T16:15:57Z,1280 N 4th Street,"Hotels,Lodging,Hotel",Accommodation & Food Services,San Jose,US,us/ca/sanjose/1280n4thstreet/-1318697623,37.36169,-121.90449,Pavilion Inn,95112,CA,2017-01-31T00:00:00.000Z,,2017-07-14T00:00:00Z,3,http://tripadvisor.com/Hotel_Review-g33020-d82323-Reviews-Pavilion_Inn-San_Jose_California.html,MoreMore,Thin Walls,San Jose,California,Brandi R,"https://www.yellowpages.com/san-jose-ca/mip/pavilion-inn-536296696,http://tripadvisor.com/Hotel_Review-g33020-d82323-Reviews-Pavilion_Inn-San_Jose_California.html",http://www.pavilioninn.net
AWCACflQIxWefVJwvFF4,2017-12-22T21:03:05Z,2019-05-20T16:15:14Z,805 E El Camino Real,"Hotels,Corporate Lodging,Lodging,Hotels Motels,Hotel",Accommodation & Food Services,Sunnyvale,US,us/ca/sunnyvale/805eelcaminoreal/2060450327,37.3558,-122.01685,Corporate Inn Sunnyvale,94087,CA,2018-01-02T00:00:00.000Z,,2018-01-03T00:00:00Z,5,https://www.tripadvisor.com/Hotel_Review-g33146-d119603-Reviews-Corporate_Inn_Sunnyvale-Sunnyvale_California.html,Room was very clean and well appointed. Everything you need for an extended stay. Bed was very comfy. Front desk was extremely accommodating. I had a very late check-in due to another engagement and there was no issue. Highly recommend.,"Great Room, Super Hospitality",Cloverdale,California,DrGuapo,"https://www.yellowpages.com/sunnyvale-ca/mip/corporate-inn-sunnyvale-3441633,https://foursquare.com/v/corporate-inn-sunnyvale/4bc2952f4cdfc9b6a4619621,https://www.tripadvisor.com/Hotel_Review-g33146-d119603-Reviews-Corporate_Inn_Sunnyvale-Sunnyvale_California.html,http://www.citysearch.com/profile/861054/sunnyvale_ca/corporate_inn_sunnyvale.html,https://www.zoover.nl/verenigde-staten-van-amerika/california/sunnyvale/corporate-inn-sunnyvale/hotel","http://www.corpinn.com/,https://www.corpinn.com/,http://www.corpinn.com"
AWcS7fMIa4HuVbedX4TQ,2018-11-14T15:19:21Z,2019-05-20T14:06:03Z,701 A Street,"Hotels,Hotels Motels,Wedding Supplies and Services,Hotel",Accommodation & Food Services,San Diego,US,us/ca/sandiego/701astreet/-1435361228,32.71883,-117.16881,"Marriott Vacation Club Pulse, San Diego",92101,CA,2018-01-18T00:00:00.000Z,,2018-12-15T00:00:00Z,5,https://www.tripadvisor.com/Hotel_Review-g60750-d80423-Reviews-or100-Marriott_Vacation_Club_Pulse_San_Diego-San_Diego_California.html#REVIEWS,"We were at the Club Pulse for just one night. Everything was perfect, staff at the front desk were very friendly and knowledgeable, everyone we ran into was professional and nice, the room was super comfy. We had a suite with a kitchenette (microwave, refrig with freezer unit, coffee maker, dishes, flatware, glasses for water and wine), 2 televisions - one in the bedroom the other in the living room. The seating was very comfortable and a table to eat. I highly recommend this property. We were in town to see the play Hamilton, we were easily able to walk to the Gas Lamp for dinner and then to the Civic Theater.Thank you for a perfect review! We are pleased to hear you enjoyed your stay and look forward to welcoming you back again sometime.","luxurious, friendly, comfortable",Encinitas,California,looski,"https://www.tripadvisor.com/Hotel_Review-g60750-d80423-Reviews-or145-Marriott_Vacation_Club_Pulse_San_Diego-San_Diego_California.html#REVIEWS,https://www.tripadvisor.com/Hotel_Review-g60750-d80423-Reviews-or115-Marriott_Vacation_Club_Pulse_San_Diego-San_Diego_California.html#REVIEWS,https://www.booking.com/hotel/us/the-declan-suites-san-diego.html;srpvid=548510edea6f03ef;srepoch=1551147867;hpos=10;hapos=115;dest_id=20015725;dest_type=city;sr_order=popularity?from=searchresults,https://www.tripadvisor.com/Hotel_Review-g60750-d80423-Reviews-or15-Marriott_Vacation_Club_Pulse_San_Diego-San_Diego_California.html#REVIEWS,https://www.tripadvisor.com/Hotel_Review-g60750-d80423-Reviews-or40-Marriott_Vacation_Club_Pulse_San_Diego-San_Diego_California.html#REVIEWS,https://www.tripadvisor.com/Hotel_Review-g60750-d80423-Reviews-or130-Marriott_Vacation_Club_Pulse_San_Diego-San_Diego_California.html#REVIEWS,http://www.citysearch.com/profile/666215094/san_diego_ca/marriott_vacation_club_pulse_san_diego.html,https://www.tripadvisor.com/Hotel_Review-g60750-d80423-Reviews-or190-Marriott_Vacation_Club_Pulse_San_Diego-San_Diego_California.html#REVIEWS,https://www.tripadvisor.com/Hotel_Review-g60750-d80423-Reviews-or155-Marriott_Vacation_Club_Pulse_San_Diego-San_Diego_California.html#REVIEWS,https://www.tripadvisor.com/Hotel_Review-g60750-d80423-Reviews-or45-Marriott_Vacation_Club_Pulse_San_Diego-San_Diego_California.html#REVIEWS,https://www.tripadvisor.com/Hotel_Review-g60750-d80423-Reviews-or215-Marriott_Vacation_Club_Pulse_San_Diego-San_Diego_California.html#REVIEWS,https://www.tripadvisor.com/Hotel_Review-g60750-d80423-Reviews-or100-Marriott_Vacation_Club_Pulse_San_Diego-San_Diego_California.html#REVIEWS,https://www.tripadvisor.com/Hotel_Review-g60750-d80423-Reviews-or230-Marriott_Vacation_Club_Pulse_San_Diego-San_Diego_California.html#REVIEWS,https://www.tripadvisor.com/Hotel_Review-g60750-d80423-Reviews-or270-Marriott_Vacation_Club_Pulse_San_Diego-San_Diego_California.html#REVIEWS,https://www.tripadvisor.com/Hotel_Review-g60750-d80423-Reviews-or5-Marriott_Vacation_Club_Pulse_San_Diego-San_Diego_California.html#REVIEWS,https://www.tripadvisor.com/Hotel_Review-g60750-d80423-Reviews-or200-Marriott_Vacation_Club_Pulse_San_Diego-San_Diego_California.html#REVIEWS,https://www.tripadvisor.com/Hotel_Review-g60750-d80423-Reviews-or195-Marriott_Vacation_Club_Pulse_San_Diego-San_Diego_California.html#REVIEWS,https://www.tripadvisor.com/Hotel_Review-g60750-d80423-Reviews-or180-Marriott_Vacation_Club_Pulse_San_Diego-San_Diego_California.html#REVIEWS,https://www.tripadvisor.com/Hotel_Review-g60750-d80423-Reviews-or225-Marriott_Vacation_Club_Pulse_San_Diego-San_Diego_California.html#REVIEWS,https://www.tripadvisor.com/Hotel_Review-g60750-d80423-Reviews-or110-Marriott_Vacation_Club_Pulse_San_Diego-San_Diego_California.html#REVIEWS,https://www.tripadvisor.com/Hotel_Review-g60750-d80423-Reviews-or35-Marriott_Vacation_Club_Pulse_San_Diego-San_Diego_California.html#REVIEWS,https://www.tripadvisor.com/Hotel_Review-g60750-d80423-Reviews-or125-Marriott_Vacation_Club_Pulse_San_Diego-San_Diego_California.html#REVIEWS,https://www.yellowpages.com/san-diego-ca/mip/marriott-vacation-club-pulse-san-diego-526350264,https://www.tripadvisor.com/Hotel_Review-g60750-d80423-Reviews-or150-Marriott_Vacation_Club_Pulse_San_Diego-San_Diego_California.html#REVIEWS,https://www.tripadvisor.com/Hotel_Review-g60750-d80423-Reviews-or210-Marriott_Vacation_Club_Pulse_San_Diego-San_Diego_California.html#REVIEWS,https://www.tripadvisor.com/Hotel_Review-g60750-d80423-Reviews-or165-Marriott_Vacation_Club_Pulse_San_Diego-San_Diego_California.html#REVIEWS,https://www.tripadvisor.com/Hotel_Review-g60750-d80423-Reviews-or170-Marriott_Vacation_Club_Pulse_San_Diego-San_Diego_California.html#REVIEWS,https://www.tripadvisor.com/Hotel_Review-g60750-d80423-Reviews-or60-Marriott_Vacation_Club_Pulse_San_Diego-San_Diego_California.html#REVIEWS,https://www.tripadvisor.com/Hotel_Review-g60750-d80423-Reviews-or120-Marriott_Vacation_Club_Pulse_San_Diego-San_Diego_California.html#REVIEWS,https://www.tripadvisor.com/Hotel_Review-g60750-d80423-Reviews-or265-Marriott_Vacation_Club_Pulse_San_Diego-San_Diego_California.html#REVIEWS,https://www.tripadvisor.com/Hotel_Review-g60750-d80423-Reviews-or220-Marriott_Vacation_Club_Pulse_San_Diego-San_Diego_California.html#REVIEWS,https://www.tripadvisor.com/Hotel_Review-g60750-d80423-Reviews-or135-Marriott_Vacation_Club_Pulse_San_Diego-San_Diego_California.html#REVIEWS,https://www.tripadvisor.com/Hotel_Review-g60750-d80423-Reviews-or50-Marriott_Vacation_Club_Pulse_San_Diego-San_Diego_California.html#REVIEWS,https://www.tripadvisor.com/Hotel_Review-g60750-d80423-Reviews-or160-Marriott_Vacation_Club_Pulse_San_Diego-San_Diego_California.html#REVIEWS,https://www.tripadvisor.com/Hotel_Review-g60750-d80423-Reviews-or175-Marriott_Vacation_Club_Pulse_San_Diego-San_Diego_California.html#REVIEWS",https://www.marriott.com/hotels/travel/sanva-marriott-vacation-club-pulse-san-diego/?scid=45f93f1b-bd77-45c9-8dab-83b6a417f6fe
AWcS7fMIa4HuVbedX4TQ,2018-11-14T15:19:21Z,2019-05-20T14:06:03Z,701 A Street,"Hotels,Hotels Motels,Wedding Supplies and Services,Hotel",Accommodation & Food Services,San Diego,US,us/ca/sandiego/701astreet/-1435361228,32.71883,-117.16881,"Marriott Vacation Club Pulse, San Diego",92101,CA,2017-07-23T00:00:00.000Z,,2018-12-15T00:00:00Z,4,"https://www.tripadvisor.com/Hotel_Review-g60750-d80423-Reviews-or170-Marriott_Vacation_Club_Pulse_San_Diego-San_Diego_California.html#REVIEWS,https://www.tripadvisor.com/Hotel_Review-g60750-d80423-Reviews-or180-Marriott_Vacation_Club_Pulse_San_Diego-San_Diego_California.html#REVIEWS",My wife and I stayed this past weekend at the Marriott Pulse. Nice hotel with great amenities. Good location in downtown San Diego. Only 4 blocks to the gaslamp district with many choices of restaurants in the area. 1 bedroom unit is a little small compared to other Vacation Club properties so would be tight if 4 are staying in one of these units.Thank you for taking the time to share your feedback and leave a review. We are pleased to hear you enjoyed your stay with us here in San Diego.,Marriott Vacation Club,Oceanside,California,John B,"https://www.tripadvisor.com/Hotel_Review-g60750-d80423-Reviews-or145-Marriott_Vacation_Club_Pulse_San_Diego-San_Diego_California.html#REVIEWS,https://www.tripadvisor.com/Hotel_Review-g60750-d80423-Reviews-or115-Marriott_Vacation_Club_Pulse_San_Diego-San_Diego_California.html#REVIEWS,https://www.booking.com/hotel/us/the-declan-suites-san-diego.html;srpvid=548510edea6f03ef;srepoch=1551147867;hpos=10;hapos=115;dest_id=20015725;dest_type=city;sr_order=popularity?from=searchresults,https://www.tripadvisor.com/Hotel_Review-g60750-d80423-Reviews-or15-Marriott_Vacation_Club_Pulse_San_Diego-San_Diego_California.html#REVIEWS,https://www.tripadvisor.com/Hotel_Review-g60750-d80423-Reviews-or40-Marriott_Vacation_Club_Pulse_San_Diego-San_Diego_California.html#REVIEWS,https://www.tripadvisor.com/Hotel_Review-g60750-d80423-Reviews-or130-Marriott_Vacation_Club_Pulse_San_Diego-San_Diego_California.html#REVIEWS,http://www.citysearch.com/profile/666215094/san_diego_ca/marriott_vacation_club_pulse_san_diego.html,https://www.tripadvisor.com/Hotel_Review-g60750-d80423-Reviews-or190-Marriott_Vacation_Club_Pulse_San_Diego-San_Diego_California.html#REVIEWS,https://www.tripadvisor.com/Hotel_Review-g60750-d80423-Reviews-or155-Marriott_Vacation_Club_Pulse_San_Diego-San_Diego_California.html#REVIEWS,https://www.tripadvisor.com/Hotel_Review-g60750-d80423-Reviews-or45-Marriott_Vacation_Club_Pulse_San_Diego-San_Diego_California.html#REVIEWS,https://www.tripadvisor.com/Hotel_Review-g60750-d80423-Reviews-or215-Marriott_Vacation_Club_Pulse_San_Diego-San_Diego_California.html#REVIEWS,https://www.tripadvisor.com/Hotel_Review-g60750-d80423-Reviews-or100-Marriott_Vacation_Club_Pulse_San_Diego-San_Diego_California.html#REVIEWS,https://www.tripadvisor.com/Hotel_Review-g60750-d80423-Reviews-or230-Marriott_Vacation_Club_Pulse_San_Diego-San_Diego_California.html#REVIEWS,https://www.tripadvisor.com/Hotel_Review-g60750-d80423-Reviews-or270-Marriott_Vacation_Club_Pulse_San_Diego-San_Diego_California.html#REVIEWS,https://www.tripadvisor.com/Hotel_Review-g60750-d80423-Reviews-or5-Marriott_Vacation_Club_Pulse_San_Diego-San_Diego_California.html#REVIEWS,https://www.tripadvisor.com/Hotel_Review-g60750-d80423-Reviews-or200-Marriott_Vacation_Club_Pulse_San_Diego-San_Diego_California.html#REVIEWS,https://www.tripadvisor.com/Hotel_Review-g60750-d80423-Reviews-or195-Marriott_Vacation_Club_Pulse_San_Diego-San_Diego_California.html#REVIEWS,https://www.tripadvisor.com/Hotel_Review-g60750-d80423-Reviews-or180-Marriott_Vacation_Club_Pulse_San_Diego-San_Diego_California.html#REVIEWS,https://www.tripadvisor.com/Hotel_Review-g60750-d80423-Reviews-or225-Marriott_Vacation_Club_Pulse_San_Diego-San_Diego_California.html#REVIEWS,https://www.tripadvisor.com/Hotel_Review-g60750-d80423-Reviews-or110-Marriott_Vacation_Club_Pulse_San_Diego-San_Diego_California.html#REVIEWS,https://www.tripadvisor.com/Hotel_Review-g60750-d80423-Reviews-or35-Marriott_Vacation_Club_Pulse_San_Diego-San_Diego_California.html#REVIEWS,https://www.tripadvisor.com/Hotel_Review-g60750-d80423-Reviews-or125-Marriott_Vacation_Club_Pulse_San_Diego-San_Diego_California.html#REVIEWS,https://www.yellowpages.com/san-diego-ca/mip/marriott-vacation-club-pulse-san-diego-526350264,https://www.tripadvisor.com/Hotel_Review-g60750-d80423-Reviews-or150-Marriott_Vacation_Club_Pulse_San_Diego-San_Diego_California.html#REVIEWS,https://www.tripadvisor.com/Hotel_Review-g60750-d80423-Reviews-or210-Marriott_Vacation_Club_Pulse_San_Diego-San_Diego_California.html#REVIEWS,https://www.tripadvisor.com/Hotel_Review-g60750-d80423-Reviews-or165-Marriott_Vacation_Club_Pulse_San_Diego-San_Diego_California.html#REVIEWS,https://www.tripadvisor.com/Hotel_Review-g60750-d80423-Reviews-or170-Marriott_Vacation_Club_Pulse_San_Diego-San_Diego_California.html#REVIEWS,https://www.tripadvisor.com/Hotel_Review-g60750-d80423-Reviews-or60-Marriott_Vacation_Club_Pulse_San_Diego-San_Diego_California.html#REVIEWS,https://www.tripadvisor.com/Hotel_Review-g60750-d80423-Reviews-or120-Marriott_Vacation_Club_Pulse_San_Diego-San_Diego_California.html#REVIEWS,https://www.tripadvisor.com/Hotel_Review-g60750-d80423-Reviews-or265-Marriott_Vacation_Club_Pulse_San_Diego-San_Diego_California.html#REVIEWS,https://www.tripadvisor.com/Hotel_Review-g60750-d80423-Reviews-or220-Marriott_Vacation_Club_Pulse_San_Diego-San_Diego_California.html#REVIEWS,https://www.tripadvisor.com/Hotel_Review-g60750-d80423-Reviews-or135-Marriott_Vacation_Club_Pulse_San_Diego-San_Diego_California.html#REVIEWS,https://www.tripadvisor.com/Hotel_Review-g60750-d80423-Reviews-or50-Marriott_Vacation_Club_Pulse_San_Diego-San_Diego_California.html#REVIEWS,https://www.tripadvisor.com/Hotel_Review-g60750-d80423-Reviews-or160-Marriott_Vacation_Club_Pulse_San_Diego-San_Diego_California.html#REVIEWS,https://www.tripadvisor.com/Hotel_Review-g60750-d80423-Reviews-or175-Marriott_Vacation_Club_Pulse_San_Diego-San_Diego_California.html#REVIEWS",https://www.marriott.com/hotels/travel/sanva-marriott-vacation-club-pulse-san-diego/?scid=45f93f1b-bd77-45c9-8dab-83b6a417f6fe
AWcS7fMIa4HuVbedX4TQ,2018-11-14T15:19:21Z,2019-05-20T14:06:03Z,701 A Street,"Hotels,Hotels Motels,Wedding Supplies and Services,Hotel",Accommodation & Food Services,San Diego,US,us/ca/sandiego/701astreet/-1435361228,32.71883,-117.16881,"Marriott Vacation Club Pulse, San Diego",92101,CA,2018-11-05T00:00:00.000Z,,2018-11-11T00:00:00Z,5,https://www.tripadvisor.com/Hotel_Review-g60750-d80423-Reviews-Marriott_Vacation_Club_Pulse_San_Diego-San_Diego_California.html,"We ended our San Diego stay here, with 4 nights. Staff was very friendly and accommodating. Room was comfortable, and, surprisingly, the pull out sofa bed was the most comfortable I have slept on. The fitness center was clean, and had a good variety of equipment. The parking fee is steep, but standard for a large city. Good luck going around the spiral getting in and out of the garage. Easy access to everywhere we needed to go.",Great stay,Scotch Plains,NewJersey,Colleen G,"https://www.tripadvisor.com/Hotel_Review-g60750-d80423-Reviews-or145-Marriott_Vacation_Club_Pulse_San_Diego-San_Diego_California.html#REVIEWS,https://www.tripadvisor.com/Hotel_Review-g60750-d80423-Reviews-or115-Marriott_Vacation_Club_Pulse_San_Diego-San_Diego_California.html#REVIEWS,https://www.booking.com/hotel/us/the-declan-suites-san-diego.html;srpvid=548510edea6f03ef;srepoch=1551147867;hpos=10;hapos=115;dest_id=20015725;dest_type=city;sr_order=popularity?from=searchresults,https://www.tripadvisor.com/Hotel_Review-g60750-d80423-Reviews-or15-Marriott_Vacation_Club_Pulse_San_Diego-San_Diego_California.html#REVIEWS,https://www.tripadvisor.com/Hotel_Review-g60750-d80423-Reviews-or40-Marriott_Vacation_Club_Pulse_San_Diego-San_Diego_California.html#REVIEWS,https://www.tripadvisor.com/Hotel_Review-g60750-d80423-Reviews-or130-Marriott_Vacation_Club_Pulse_San_Diego-San_Diego_California.html#REVIEWS,http://www.citysearch.com/profile/666215094/san_diego_ca/marriott_vacation_club_pulse_san_diego.html,https://www.tripadvisor.com/Hotel_Review-g60750-d80423-Reviews-or190-Marriott_Vacation_Club_Pulse_San_Diego-San_Diego_California.html#REVIEWS,https://www.tripadvisor.com/Hotel_Review-g60750-d80423-Reviews-or155-Marriott_Vacation_Club_Pulse_San_Diego-San_Diego_California.html#REVIEWS,https://www.tripadvisor.com/Hotel_Review-g60750-d80423-Reviews-or45-Marriott_Vacation_Club_Pulse_San_Diego-San_Diego_California.html#REVIEWS,https://www.tripadvisor.com/Hotel_Review-g60750-d80423-Reviews-or215-Marriott_Vacation_Club_Pulse_San_Diego-San_Diego_California.html#REVIEWS,https://www.tripadvisor.com/Hotel_Review-g60750-d80423-Reviews-or100-Marriott_Vacation_Club_Pulse_San_Diego-San_Diego_California.html#REVIEWS,https://www.tripadvisor.com/Hotel_Review-g60750-d80423-Reviews-or230-Marriott_Vacation_Club_Pulse_San_Diego-San_Diego_California.html#REVIEWS,https://www.tripadvisor.com/Hotel_Review-g60750-d80423-Reviews-or270-Marriott_Vacation_Club_Pulse_San_Diego-San_Diego_California.html#REVIEWS,https://www.tripadvisor.com/Hotel_Review-g60750-d80423-Reviews-or5-Marriott_Vacation_Club_Pulse_San_Diego-San_Diego_California.html#REVIEWS,https://www.tripadvisor.com/Hotel_Review-g60750-d80423-Reviews-or200-Marriott_Vacation_Club_Pulse_San_Diego-San_Diego_California.html#REVIEWS,https://www.tripadvisor.com/Hotel_Review-g60750-d80423-Reviews-or195-Marriott_Vacation_Club_Pulse_San_Diego-San_Diego_California.html#REVIEWS,https://www.tripadvisor.com/Hotel_Review-g60750-d80423-Reviews-or180-Marriott_Vacation_Club_Pulse_San_Diego-San_Diego_California.html#REVIEWS,https://www.tripadvisor.com/Hotel_Review-g60750-d80423-Reviews-or225-Marriott_Vacation_Club_Pulse_San_Diego-San_Diego_California.html#REVIEWS,https://www.tripadvisor.com/Hotel_Review-g60750-d80423-Reviews-or110-Marriott_Vacation_Club_Pulse_San_Diego-San_Diego_California.html#REVIEWS,https://www.tripadvisor.com/Hotel_Review-g60750-d80423-Reviews-or35-Marriott_Vacation_Club_Pulse_San_Diego-San_Diego_California.html#REVIEWS,https://www.tripadvisor.com/Hotel_Review-g60750-d80423-Reviews-or125-Marriott_Vacation_Club_Pulse_San_Diego-San_Diego_California.html#REVIEWS,https://www.yellowpages.com/san-diego-ca/mip/marriott-vacation-club-pulse-san-diego-526350264,https://www.tripadvisor.com/Hotel_Review-g60750-d80423-Reviews-or150-Marriott_Vacation_Club_Pulse_San_Diego-San_Diego_California.html#REVIEWS,https://www.tripadvisor.com/Hotel_Review-g60750-d80423-Reviews-or210-Marriott_Vacation_Club_Pulse_San_Diego-San_Diego_California.html#REVIEWS,https://www.tripadvisor.com/Hotel_Review-g60750-d80423-Reviews-or165-Marriott_Vacation_Club_Pulse_San_Diego-San_Diego_California.html#REVIEWS,https://www.tripadvisor.com/Hotel_Review-g60750-d80423-Reviews-or170-Marriott_Vacation_Club_Pulse_San_Diego-San_Diego_California.html#REVIEWS,https://www.tripadvisor.com/Hotel_Review-g60750-d80423-Reviews-or60-Marriott_Vacation_Club_Pulse_San_Diego-San_Diego_California.html#REVIEWS,https://www.tripadvisor.com/Hotel_Review-g60750-d80423-Reviews-or120-Marriott_Vacation_Club_Pulse_San_Diego-San_Diego_California.html#REVIEWS,https://www.tripadvisor.com/Hotel_Review-g60750-d80423-Reviews-or265-Marriott_Vacation_Club_Pulse_San_Diego-San_Diego_California.html#REVIEWS,https://www.tripadvisor.com/Hotel_Review-g60750-d80423-Reviews-or220-Marriott_Vacation_Club_Pulse_San_Diego-San_Diego_California.html#REVIEWS,https://www.tripadvisor.com/Hotel_Review-g60750-d80423-Reviews-or135-Marriott_Vacation_Club_Pulse_San_Diego-San_Diego_California.html#REVIEWS,https://www.tripadvisor.com/Hotel_Review-g60750-d80423-Reviews-or50-Marriott_Vacation_Club_Pulse_San_Diego-San_Diego_California.html#REVIEWS,https://www.tripadvisor.com/Hotel_Review-g60750-d80423-Reviews-or160-Marriott_Vacation_Club_Pulse_San_Diego-San_Diego_California.html#REVIEWS,https://www.tripadvisor.com/Hotel_Review-g60750-d80423-Reviews-or175-Marriott_Vacation_Club_Pulse_San_Diego-San_Diego_California.html#REVIEWS",https://www.marriott.com/hotels/travel/sanva-marriott-vacation-club-pulse-san-diego/?scid=45f93f1b-bd77-45c9-8dab-83b6a417f6fe
AWcS7fMIa4HuVbedX4TQ,2018-11-14T15:19:21Z,2019-05-20T14:06:03Z,701 A Street,"Hotels,Hotels Motels,Wedding Supplies and Services,Hotel",Accommodation & Food Services,San Diego,US,us/ca/sandiego/701astreet/-1435361228,32.71883,-117.16881,"Marriott Vacation Club Pulse, San Diego",92101,CA,2017-08-27T00:00:00.000Z,,2018-12-15T00:00:00Z,1,https://www.tripadvisor.com/Hotel_Review-g60750-d80423-Reviews-or150-Marriott_Vacation_Club_Pulse_San_Diego-San_Diego_California.html#REVIEWS,"accused of smoking in my room. only young black kids in the hotel. ima 24 year old well put together chef. needed time away with my girlfriend. Managers and loss prevention kept harassing us. Sunday morning knocked on my door and walked in without my consent and literally said oh i though you were smoking in here and walked out. I was hearing noise all night which i complained about, but nobody did anything about it: yet you're worried about if im smoking when your hotel is Loud and your staff is racist and rude because all of my greetings did not seem genuine. your loss prevention is not an army and i should sue for grievance. I complained about loud banging all morning and nobody did anything or come to see if it was still happening. Instead I got your army of LP at my door accusing me of smoking once again. without even saying sorry for bothering you. I WILL NEVER STAY HERE AGAIN AND I AM A MARRIOT REWARDS MEMBER. There were stains on my bed which i let go. my towels were not clean so i requested new ones. You service was so bad , and biased my girlfriend told me not to complain about the towels or buy from your marketplace. This is going to get solved in a court matter. This was the worst experience i have had at a hotel and i travel frequently.",racist / rude loss prevention team.,Inglewood,California,chefshaded,"https://www.tripadvisor.com/Hotel_Review-g60750-d80423-Reviews-or145-Marriott_Vacation_Club_Pulse_San_Diego-San_Diego_California.html#REVIEWS,https://www.tripadvisor.com/Hotel_Review-g60750-d80423-Reviews-or115-Marriott_Vacation_Club_Pulse_San_Diego-San_Diego_California.html#REVIEWS,https://www.booking.com/hotel/us/the-declan-suites-san-diego.html;srpvid=548510edea6f03ef;srepoch=1551147867;hpos=10;hapos=115;dest_id=20015725;dest_type=city;sr_order=popularity?from=searchresults,https://www.tripadvisor.com/Hotel_Review-g60750-d80423-Reviews-or15-Marriott_Vacation_Club_Pulse_San_Diego-San_Diego_California.html#REVIEWS,https://www.tripadvisor.com/Hotel_Review-g60750-d80423-Reviews-or40-Marriott_Vacation_Club_Pulse_San_Diego-San_Diego_California.html#REVIEWS,https://www.tripadvisor.com/Hotel_Review-g60750-d80423-Reviews-or130-Marriott_Vacation_Club_Pulse_San_Diego-San_Diego_California.html#REVIEWS,http://www.citysearch.com/profile/666215094/san_diego_ca/marriott_vacation_club_pulse_san_diego.html,https://www.tripadvisor.com/Hotel_Review-g60750-d80423-Reviews-or190-Marriott_Vacation_Club_Pulse_San_Diego-San_Diego_California.html#REVIEWS,https://www.tripadvisor.com/Hotel_Review-g60750-d80423-Reviews-or155-Marriott_Vacation_Club_Pulse_San_Diego-San_Diego_California.html#REVIEWS,https://www.tripadvisor.com/Hotel_Review-g60750-d80423-Reviews-or45-Marriott_Vacation_Club_Pulse_San_Diego-San_Diego_California.html#REVIEWS,https://www.tripadvisor.com/Hotel_Review-g60750-d80423-Reviews-or215-Marriott_Vacation_Club_Pulse_San_Diego-San_Diego_California.html#REVIEWS,https://www.tripadvisor.com/Hotel_Review-g60750-d80423-Reviews-or100-Marriott_Vacation_Club_Pulse_San_Diego-San_Diego_California.html#REVIEWS,https://www.tripadvisor.com/Hotel_Review-g60750-d80423-Reviews-or230-Marriott_Vacation_Club_Pulse_San_Diego-San_Diego_California.html#REVIEWS,https://www.tripadvisor.com/Hotel_Review-g60750-d80423-Reviews-or270-Marriott_Vacation_Club_Pulse_San_Diego-San_Diego_California.html#REVIEWS,https://www.tripadvisor.com/Hotel_Review-g60750-d80423-Reviews-or5-Marriott_Vacation_Club_Pulse_San_Diego-San_Diego_California.html#REVIEWS,https://www.tripadvisor.com/Hotel_Review-g60750-d80423-Reviews-or200-Marriott_Vacation_Club_Pulse_San_Diego-San_Diego_California.html#REVIEWS,https://www.tripadvisor.com/Hotel_Review-g60750-d80423-Reviews-or195-Marriott_Vacation_Club_Pulse_San_Diego-San_Diego_California.html#REVIEWS,https://www.tripadvisor.com/Hotel_Review-g60750-d80423-Reviews-or180-Marriott_Vacation_Club_Pulse_San_Diego-San_Diego_California.html#REVIEWS,https://www.tripadvisor.com/Hotel_Review-g60750-d80423-Reviews-or225-Marriott_Vacation_Club_Pulse_San_Diego-San_Diego_California.html#REVIEWS,https://www.tripadvisor.com/Hotel_Review-g60750-d80423-Reviews-or110-Marriott_Vacation_Club_Pulse_San_Diego-San_Diego_California.html#REVIEWS,https://www.tripadvisor.com/Hotel_Review-g60750-d80423-Reviews-or35-Marriott_Vacation_Club_Pulse_San_Diego-San_Diego_California.html#REVIEWS,https://www.tripadvisor.com/Hotel_Review-g60750-d80423-Reviews-or125-Marriott_Vacation_Club_Pulse_San_Diego-San_Diego_California.html#REVIEWS,https://www.yellowpages.com/san-diego-ca/mip/marriott-vacation-club-pulse-san-diego-526350264,https://www.tripadvisor.com/Hotel_Review-g60750-d80423-Reviews-or150-Marriott_Vacation_Club_Pulse_San_Diego-San_Diego_California.html#REVIEWS,https://www.tripadvisor.com/Hotel_Review-g60750-d80423-Reviews-or210-Marriott_Vacation_Club_Pulse_San_Diego-San_Diego_California.html#REVIEWS,https://www.tripadvisor.com/Hotel_Review-g60750-d80423-Reviews-or165-Marriott_Vacation_Club_Pulse_San_Diego-San_Diego_California.html#REVIEWS,https://www.tripadvisor.com/Hotel_Review-g60750-d80423-Reviews-or170-Marriott_Vacation_Club_Pulse_San_Diego-San_Diego_California.html#REVIEWS,https://www.tripadvisor.com/Hotel_Review-g60750-d80423-Reviews-or60-Marriott_Vacation_Club_Pulse_San_Diego-San_Diego_California.html#REVIEWS,https://www.tripadvisor.com/Hotel_Review-g60750-d80423-Reviews-or120-Marriott_Vacation_Club_Pulse_San_Diego-San_Diego_California.html#REVIEWS,https://www.tripadvisor.com/Hotel_Review-g60750-d80423-Reviews-or265-Marriott_Vacation_Club_Pulse_San_Diego-San_Diego_California.html#REVIEWS,https://www.tripadvisor.com/Hotel_Review-g60750-d80423-Reviews-or220-Marriott_Vacation_Club_Pulse_San_Diego-San_Diego_California.html#REVIEWS,https://www.tripadvisor.com/Hotel_Review-g60750-d80423-Reviews-or135-Marriott_Vacation_Club_Pulse_San_Diego-San_Diego_California.html#REVIEWS,https://www.tripadvisor.com/Hotel_Review-g60750-d80423-Reviews-or50-Marriott_Vacation_Club_Pulse_San_Diego-San_Diego_California.html#REVIEWS,https://www.tripadvisor.com/Hotel_Review-g60750-d80423-Reviews-or160-Marriott_Vacation_Club_Pulse_San_Diego-San_Diego_California.html#REVIEWS,https://www.tripadvisor.com/Hotel_Review-g60750-d80423-Reviews-or175-Marriott_Vacation_Club_Pulse_San_Diego-San_Diego_California.html#REVIEWS",https://www.marriott.com/hotels/travel/sanva-marriott-vacation-club-pulse-san-diego/?scid=45f93f1b-bd77-45c9-8dab-83b6a417f6fe
AWcS7fMIa4HuVbedX4TQ,2018-11-14T15:19:21Z,2019-05-20T14:06:03Z,701 A Street,"Hotels,Hotels Motels,Wedding Supplies and Services,Hotel",Accommodation & Food Services,San Diego,US,us/ca/sandiego/701astreet/-1435361228,32.71883,-117.16881,"Marriott Vacation Club Pulse, San Diego",92101,CA,2018-10-10T00:00:00.000Z,,2018-12-15T00:00:00Z,5,https://www.tripadvisor.com/Hotel_Review-g60750-d80423-Reviews-or15-Marriott_Vacation_Club_Pulse_San_Diego-San_Diego_California.html#REVIEWS,Stayed here September 2018 for 7 nights hotel was amazing and should be rated a 5 star plus everything was perfect fantastic rooms amazing staff first class facilities great location close to all local attractions would highly recommend.Our team appreciates your review and recommendation on TripAdvisor. We are happy you enjoyed your visit to the resort and look forward to welcoming you back again in the near future.,Vacation,Thornaby on Tees,UnitedKingdom,Susan W,"https://www.tripadvisor.com/Hotel_Review-g60750-d80423-Reviews-or145-Marriott_Vacation_Club_Pulse_San_Diego-San_Diego_California.html#REVIEWS,https://www.tripadvisor.com/Hotel_Review-g60750-d80423-Reviews-or115-Marriott_Vacation_Club_Pulse_San_Diego-San_Diego_California.html#REVIEWS,https://www.booking.com/hotel/us/the-declan-suites-san-diego.html;srpvid=548510edea6f03ef;srepoch=1551147867;hpos=10;hapos=115;dest_id=20015725;dest_type=city;sr_order=popularity?from=searchresults,https://www.tripadvisor.com/Hotel_Review-g60750-d80423-Reviews-or15-Marriott_Vacation_Club_Pulse_San_Diego-San_Diego_California.html#REVIEWS,https://www.tripadvisor.com/Hotel_Review-g60750-d80423-Reviews-or40-Marriott_Vacation_Club_Pulse_San_Diego-San_Diego_California.html#REVIEWS,https://www.tripadvisor.com/Hotel_Review-g60750-d80423-Reviews-or130-Marriott_Vacation_Club_Pulse_San_Diego-San_Diego_California.html#REVIEWS,http://www.citysearch.com/profile/666215094/san_diego_ca/marriott_vacation_club_pulse_san_diego.html,https://www.tripadvisor.com/Hotel_Review-g60750-d80423-Reviews-or190-Marriott_Vacation_Club_Pulse_San_Diego-San_Diego_California.html#REVIEWS,https://www.tripadvisor.com/Hotel_Review-g60750-d80423-Reviews-or155-Marriott_Vacation_Club_Pulse_San_Diego-San_Diego_California.html#REVIEWS,https://www.tripadvisor.com/Hotel_Review-g60750-d80423-Reviews-or45-Marriott_Vacation_Club_Pulse_San_Diego-San_Diego_California.html#REVIEWS,https://www.tripadvisor.com/Hotel_Review-g60750-d80423-Reviews-or215-Marriott_Vacation_Club_Pulse_San_Diego-San_Diego_California.html#REVIEWS,https://www.tripadvisor.com/Hotel_Review-g60750-d80423-Reviews-or100-Marriott_Vacation_Club_Pulse_San_Diego-San_Diego_California.html#REVIEWS,https://www.tripadvisor.com/Hotel_Review-g60750-d80423-Reviews-or230-Marriott_Vacation_Club_Pulse_San_Diego-San_Diego_California.html#REVIEWS,https://www.tripadvisor.com/Hotel_Review-g60750-d80423-Reviews-or270-Marriott_Vacation_Club_Pulse_San_Diego-San_Diego_California.html#REVIEWS,https://www.tripadvisor.com/Hotel_Review-g60750-d80423-Reviews-or5-Marriott_Vacation_Club_Pulse_San_Diego-San_Diego_California.html#REVIEWS,https://www.tripadvisor.com/Hotel_Review-g60750-d80423-Reviews-or200-Marriott_Vacation_Club_Pulse_San_Diego-San_Diego_California.html#REVIEWS,https://www.tripadvisor.com/Hotel_Review-g60750-d80423-Reviews-or195-Marriott_Vacation_Club_Pulse_San_Diego-San_Diego_California.html#REVIEWS,https://www.tripadvisor.com/Hotel_Review-g60750-d80423-Reviews-or180-Marriott_Vacation_Club_Pulse_San_Diego-San_Diego_California.html#REVIEWS,https://www.tripadvisor.com/Hotel_Review-g60750-d80423-Reviews-or225-Marriott_Vacation_Club_Pulse_San_Diego-San_Diego_California.html#REVIEWS,https://www.tripadvisor.com/Hotel_Review-g60750-d80423-Reviews-or110-Marriott_Vacation_Club_Pulse_San_Diego-San_Diego_California.html#REVIEWS,https://www.tripadvisor.com/Hotel_Review-g60750-d80423-Reviews-or35-Marriott_Vacation_Club_Pulse_San_Diego-San_Diego_California.html#REVIEWS,https://www.tripadvisor.com/Hotel_Review-g60750-d80423-Reviews-or125-Marriott_Vacation_Club_Pulse_San_Diego-San_Diego_California.html#REVIEWS,https://www.yellowpages.com/san-diego-ca/mip/marriott-vacation-club-pulse-san-diego-526350264,https://www.tripadvisor.com/Hotel_Review-g60750-d80423-Reviews-or150-Marriott_Vacation_Club_Pulse_San_Diego-San_Diego_California.html#REVIEWS,https://www.tripadvisor.com/Hotel_Review-g60750-d80423-Reviews-or210-Marriott_Vacation_Club_Pulse_San_Diego-San_Diego_California.html#REVIEWS,https://www.tripadvisor.com/Hotel_Review-g60750-d80423-Reviews-or165-Marriott_Vacation_Club_Pulse_San_Diego-San_Diego_California.html#REVIEWS,https://www.tripadvisor.com/Hotel_Review-g60750-d80423-Reviews-or170-Marriott_Vacation_Club_Pulse_San_Diego-San_Diego_California.html#REVIEWS,https://www.tripadvisor.com/Hotel_Review-g60750-d80423-Reviews-or60-Marriott_Vacation_Club_Pulse_San_Diego-San_Diego_California.html#REVIEWS,https://www.tripadvisor.com/Hotel_Review-g60750-d80423-Reviews-or120-Marriott_Vacation_Club_Pulse_San_Diego-San_Diego_California.html#REVIEWS,https://www.tripadvisor.com/Hotel_Review-g60750-d80423-Reviews-or265-Marriott_Vacation_Club_Pulse_San_Diego-San_Diego_California.html#REVIEWS,https://www.tripadvisor.com/Hotel_Review-g60750-d80423-Reviews-or220-Marriott_Vacation_Club_Pulse_San_Diego-San_Diego_California.html#REVIEWS,https://www.tripadvisor.com/Hotel_Review-g60750-d80423-Reviews-or135-Marriott_Vacation_Club_Pulse_San_Diego-San_Diego_California.html#REVIEWS,https://www.tripadvisor.com/Hotel_Review-g60750-d80423-Reviews-or50-Marriott_Vacation_Club_Pulse_San_Diego-San_Diego_California.html#REVIEWS,https://www.tripadvisor.com/Hotel_Review-g60750-d80423-Reviews-or160-Marriott_Vacation_Club_Pulse_San_Diego-San_Diego_California.html#REVIEWS,https://www.tripadvisor.com/Hotel_Review-g60750-d80423-Reviews-or175-Marriott_Vacation_Club_Pulse_San_Diego-San_Diego_California.html#REVIEWS",https://www.marriott.com/hotels/travel/sanva-marriott-vacation-club-pulse-san-diego/?scid=45f93f1b-bd77-45c9-8dab-83b6a417f6fe
AWcS7fMIa4HuVbedX4TQ,2018-11-14T15:19:21Z,2019-05-20T14:06:03Z,701 A Street,"Hotels,Hotels Motels,Wedding Supplies and Services,Hotel",Accommodation & Food Services,San Diego,US,us/ca/sandiego/701astreet/-1435361228,32.71883,-117.16881,"Marriott Vacation Club Pulse, San Diego",92101,CA,2017-05-16T00:00:00.000Z,,2018-12-15T00:00:00Z,5,https://www.tripadvisor.com/Hotel_Review-g60750-d80423-Reviews-or195-Marriott_Vacation_Club_Pulse_San_Diego-San_Diego_California.html#REVIEWS,"My wife and I stayed here with our 2 grandchildren for 5 days in April. The room amenities are very nice with very comfortable bedding and living area. The Kitchen area is small, however, with a small mini refrigerator and microwave so if you are planning to eat many meals in your room, this is not the hotel for that. We walked to Little Italy, the Gas Lamp area, PETCO Park and to the USS Midway. Very convenient to all locations. They have Valet parking and a restaurant on property although we did not use it. They also have a fitness area and a indoor pool.Steve, thank you for a perfect review! We are so happy to hear you and your family enjoyed your stay with us here in San Diego. We hope you will visit us again sometime.",Great Hotel For Walking To Most Attractions,Surprise,Arizona,Steve W,"https://www.tripadvisor.com/Hotel_Review-g60750-d80423-Reviews-or145-Marriott_Vacation_Club_Pulse_San_Diego-San_Diego_California.html#REVIEWS,https://www.tripadvisor.com/Hotel_Review-g60750-d80423-Reviews-or115-Marriott_Vacation_Club_Pulse_San_Diego-San_Diego_California.html#REVIEWS,https://www.booking.com/hotel/us/the-declan-suites-san-diego.html;srpvid=548510edea6f03ef;srepoch=1551147867;hpos=10;hapos=115;dest_id=20015725;dest_type=city;sr_order=popularity?from=searchresults,https://www.tripadvisor.com/Hotel_Review-g60750-d80423-Reviews-or15-Marriott_Vacation_Club_Pulse_San_Diego-San_Diego_California.html#REVIEWS,https://www.tripadvisor.com/Hotel_Review-g60750-d80423-Reviews-or40-Marriott_Vacation_Club_Pulse_San_Diego-San_Diego_California.html#REVIEWS,https://www.tripadvisor.com/Hotel_Review-g60750-d80423-Reviews-or130-Marriott_Vacation_Club_Pulse_San_Diego-San_Diego_California.html#REVIEWS,http://www.citysearch.com/profile/666215094/san_diego_ca/marriott_vacation_club_pulse_san_diego.html,https://www.tripadvisor.com/Hotel_Review-g60750-d80423-Reviews-or190-Marriott_Vacation_Club_Pulse_San_Diego-San_Diego_California.html#REVIEWS,https://www.tripadvisor.com/Hotel_Review-g60750-d80423-Reviews-or155-Marriott_Vacation_Club_Pulse_San_Diego-San_Diego_California.html#REVIEWS,https://www.tripadvisor.com/Hotel_Review-g60750-d80423-Reviews-or45-Marriott_Vacation_Club_Pulse_San_Diego-San_Diego_California.html#REVIEWS,https://www.tripadvisor.com/Hotel_Review-g60750-d80423-Reviews-or215-Marriott_Vacation_Club_Pulse_San_Diego-San_Diego_California.html#REVIEWS,https://www.tripadvisor.com/Hotel_Review-g60750-d80423-Reviews-or100-Marriott_Vacation_Club_Pulse_San_Diego-San_Diego_California.html#REVIEWS,https://www.tripadvisor.com/Hotel_Review-g60750-d80423-Reviews-or230-Marriott_Vacation_Club_Pulse_San_Diego-San_Diego_California.html#REVIEWS,https://www.tripadvisor.com/Hotel_Review-g60750-d80423-Reviews-or270-Marriott_Vacation_Club_Pulse_San_Diego-San_Diego_California.html#REVIEWS,https://www.tripadvisor.com/Hotel_Review-g60750-d80423-Reviews-or5-Marriott_Vacation_Club_Pulse_San_Diego-San_Diego_California.html#REVIEWS,https://www.tripadvisor.com/Hotel_Review-g60750-d80423-Reviews-or200-Marriott_Vacation_Club_Pulse_San_Diego-San_Diego_California.html#REVIEWS,https://www.tripadvisor.com/Hotel_Review-g60750-d80423-Reviews-or195-Marriott_Vacation_Club_Pulse_San_Diego-San_Diego_California.html#REVIEWS,https://www.tripadvisor.com/Hotel_Review-g60750-d80423-Reviews-or180-Marriott_Vacation_Club_Pulse_San_Diego-San_Diego_California.html#REVIEWS,https://www.tripadvisor.com/Hotel_Review-g60750-d80423-Reviews-or225-Marriott_Vacation_Club_Pulse_San_Diego-San_Diego_California.html#REVIEWS,https://www.tripadvisor.com/Hotel_Review-g60750-d80423-Reviews-or110-Marriott_Vacation_Club_Pulse_San_Diego-San_Diego_California.html#REVIEWS,https://www.tripadvisor.com/Hotel_Review-g60750-d80423-Reviews-or35-Marriott_Vacation_Club_Pulse_San_Diego-San_Diego_California.html#REVIEWS,https://www.tripadvisor.com/Hotel_Review-g60750-d80423-Reviews-or125-Marriott_Vacation_Club_Pulse_San_Diego-San_Diego_California.html#REVIEWS,https://www.yellowpages.com/san-diego-ca/mip/marriott-vacation-club-pulse-san-diego-526350264,https://www.tripadvisor.com/Hotel_Review-g60750-d80423-Reviews-or150-Marriott_Vacation_Club_Pulse_San_Diego-San_Diego_California.html#REVIEWS,https://www.tripadvisor.com/Hotel_Review-g60750-d80423-Reviews-or210-Marriott_Vacation_Club_Pulse_San_Diego-San_Diego_California.html#REVIEWS,https://www.tripadvisor.com/Hotel_Review-g60750-d80423-Reviews-or165-Marriott_Vacation_Club_Pulse_San_Diego-San_Diego_California.html#REVIEWS,https://www.tripadvisor.com/Hotel_Review-g60750-d80423-Reviews-or170-Marriott_Vacation_Club_Pulse_San_Diego-San_Diego_California.html#REVIEWS,https://www.tripadvisor.com/Hotel_Review-g60750-d80423-Reviews-or60-Marriott_Vacation_Club_Pulse_San_Diego-San_Diego_California.html#REVIEWS,https://www.tripadvisor.com/Hotel_Review-g60750-d80423-Reviews-or120-Marriott_Vacation_Club_Pulse_San_Diego-San_Diego_California.html#REVIEWS,https://www.tripadvisor.com/Hotel_Review-g60750-d80423-Reviews-or265-Marriott_Vacation_Club_Pulse_San_Diego-San_Diego_California.html#REVIEWS,https://www.tripadvisor.com/Hotel_Review-g60750-d80423-Reviews-or220-Marriott_Vacation_Club_Pulse_San_Diego-San_Diego_California.html#REVIEWS,https://www.tripadvisor.com/Hotel_Review-g60750-d80423-Reviews-or135-Marriott_Vacation_Club_Pulse_San_Diego-San_Diego_California.html#REVIEWS,https://www.tripadvisor.com/Hotel_Review-g60750-d80423-Reviews-or50-Marriott_Vacation_Club_Pulse_San_Diego-San_Diego_California.html#REVIEWS,https://www.tripadvisor.com/Hotel_Review-g60750-d80423-Reviews-or160-Marriott_Vacation_Club_Pulse_San_Diego-San_Diego_California.html#REVIEWS,https://www.tripadvisor.com/Hotel_Review-g60750-d80423-Reviews-or175-Marriott_Vacation_Club_Pulse_San_Diego-San_Diego_California.html#REVIEWS",https://www.marriott.com/hotels/travel/sanva-marriott-vacation-club-pulse-san-diego/?scid=45f93f1b-bd77-45c9-8dab-83b6a417f6fe
AWcS7fMIa4HuVbedX4TQ,2018-11-14T15:19:21Z,2019-05-20T14:06:03Z,701 A Street,"Hotels,Hotels Motels,Wedding Supplies and Services,Hotel",Accommodation & Food Services,San Diego,US,us/ca/sandiego/701astreet/-1435361228,32.71883,-117.16881,"Marriott Vacation Club Pulse, San Diego",92101,CA,2017-07-12T00:00:00.000Z,,2018-12-15T00:00:00Z,5,https://www.tripadvisor.com/Hotel_Review-g60750-d80423-Reviews-or175-Marriott_Vacation_Club_Pulse_San_Diego-San_Diego_California.html#REVIEWS,"This place was recently renovated and our room on the 23th floor felt like we were staying in a hi-end condo with breathtaking views of San Diego bay and the Coronado bridge. Sleek and modern decor with marble countertops stood out to me. There were two flat screen TV's, and a fully-stocked mini kitchen with fridge. Located right in the middle of downtown minutes away from the gas lamp district this place is prime location. The luxurious amenities combined with meticulous customer service especially in the downstairs restaurant makes for a memorable experience that I wouldn't hesitate to highly reccommend over and over again! Great job Marriott!Charles, thank you for a perfect review. We are so happy to hear you enjoyed your stay with us here in San Diego. We hope you will visit us again sometime.",Sleek and modern,Anaheim,California,Charles B,"https://www.tripadvisor.com/Hotel_Review-g60750-d80423-Reviews-or145-Marriott_Vacation_Club_Pulse_San_Diego-San_Diego_California.html#REVIEWS,https://www.tripadvisor.com/Hotel_Review-g60750-d80423-Reviews-or115-Marriott_Vacation_Club_Pulse_San_Diego-San_Diego_California.html#REVIEWS,https://www.booking.com/hotel/us/the-declan-suites-san-diego.html;srpvid=548510edea6f03ef;srepoch=1551147867;hpos=10;hapos=115;dest_id=20015725;dest_type=city;sr_order=popularity?from=searchresults,https://www.tripadvisor.com/Hotel_Review-g60750-d80423-Reviews-or15-Marriott_Vacation_Club_Pulse_San_Diego-San_Diego_California.html#REVIEWS,https://www.tripadvisor.com/Hotel_Review-g60750-d80423-Reviews-or40-Marriott_Vacation_Club_Pulse_San_Diego-San_Diego_California.html#REVIEWS,https://www.tripadvisor.com/Hotel_Review-g60750-d80423-Reviews-or130-Marriott_Vacation_Club_Pulse_San_Diego-San_Diego_California.html#REVIEWS,http://www.citysearch.com/profile/666215094/san_diego_ca/marriott_vacation_club_pulse_san_diego.html,https://www.tripadvisor.com/Hotel_Review-g60750-d80423-Reviews-or190-Marriott_Vacation_Club_Pulse_San_Diego-San_Diego_California.html#REVIEWS,https://www.tripadvisor.com/Hotel_Review-g60750-d80423-Reviews-or155-Marriott_Vacation_Club_Pulse_San_Diego-San_Diego_California.html#REVIEWS,https://www.tripadvisor.com/Hotel_Review-g60750-d80423-Reviews-or45-Marriott_Vacation_Club_Pulse_San_Diego-San_Diego_California.html#REVIEWS,https://www.tripadvisor.com/Hotel_Review-g60750-d80423-Reviews-or215-Marriott_Vacation_Club_Pulse_San_Diego-San_Diego_California.html#REVIEWS,https://www.tripadvisor.com/Hotel_Review-g60750-d80423-Reviews-or100-Marriott_Vacation_Club_Pulse_San_Diego-San_Diego_California.html#REVIEWS,https://www.tripadvisor.com/Hotel_Review-g60750-d80423-Reviews-or230-Marriott_Vacation_Club_Pulse_San_Diego-San_Diego_California.html#REVIEWS,https://www.tripadvisor.com/Hotel_Review-g60750-d80423-Reviews-or270-Marriott_Vacation_Club_Pulse_San_Diego-San_Diego_California.html#REVIEWS,https://www.tripadvisor.com/Hotel_Review-g60750-d80423-Reviews-or5-Marriott_Vacation_Club_Pulse_San_Diego-San_Diego_California.html#REVIEWS,https://www.tripadvisor.com/Hotel_Review-g60750-d80423-Reviews-or200-Marriott_Vacation_Club_Pulse_San_Diego-San_Diego_California.html#REVIEWS,https://www.tripadvisor.com/Hotel_Review-g60750-d80423-Reviews-or195-Marriott_Vacation_Club_Pulse_San_Diego-San_Diego_California.html#REVIEWS,https://www.tripadvisor.com/Hotel_Review-g60750-d80423-Reviews-or180-Marriott_Vacation_Club_Pulse_San_Diego-San_Diego_California.html#REVIEWS,https://www.tripadvisor.com/Hotel_Review-g60750-d80423-Reviews-or225-Marriott_Vacation_Club_Pulse_San_Diego-San_Diego_California.html#REVIEWS,https://www.tripadvisor.com/Hotel_Review-g60750-d80423-Reviews-or110-Marriott_Vacation_Club_Pulse_San_Diego-San_Diego_California.html#REVIEWS,https://www.tripadvisor.com/Hotel_Review-g60750-d80423-Reviews-or35-Marriott_Vacation_Club_Pulse_San_Diego-San_Diego_California.html#REVIEWS,https://www.tripadvisor.com/Hotel_Review-g60750-d80423-Reviews-or125-Marriott_Vacation_Club_Pulse_San_Diego-San_Diego_California.html#REVIEWS,https://www.yellowpages.com/san-diego-ca/mip/marriott-vacation-club-pulse-san-diego-526350264,https://www.tripadvisor.com/Hotel_Review-g60750-d80423-Reviews-or150-Marriott_Vacation_Club_Pulse_San_Diego-San_Diego_California.html#REVIEWS,https://www.tripadvisor.com/Hotel_Review-g60750-d80423-Reviews-or210-Marriott_Vacation_Club_Pulse_San_Diego-San_Diego_California.html#REVIEWS,https://www.tripadvisor.com/Hotel_Review-g60750-d80423-Reviews-or165-Marriott_Vacation_Club_Pulse_San_Diego-San_Diego_California.html#REVIEWS,https://www.tripadvisor.com/Hotel_Review-g60750-d80423-Reviews-or170-Marriott_Vacation_Club_Pulse_San_Diego-San_Diego_California.html#REVIEWS,https://www.tripadvisor.com/Hotel_Review-g60750-d80423-Reviews-or60-Marriott_Vacation_Club_Pulse_San_Diego-San_Diego_California.html#REVIEWS,https://www.tripadvisor.com/Hotel_Review-g60750-d80423-Reviews-or120-Marriott_Vacation_Club_Pulse_San_Diego-San_Diego_California.html#REVIEWS,https://www.tripadvisor.com/Hotel_Review-g60750-d80423-Reviews-or265-Marriott_Vacation_Club_Pulse_San_Diego-San_Diego_California.html#REVIEWS,https://www.tripadvisor.com/Hotel_Review-g60750-d80423-Reviews-or220-Marriott_Vacation_Club_Pulse_San_Diego-San_Diego_California.html#REVIEWS,https://www.tripadvisor.com/Hotel_Review-g60750-d80423-Reviews-or135-Marriott_Vacation_Club_Pulse_San_Diego-San_Diego_California.html#REVIEWS,https://www.tripadvisor.com/Hotel_Review-g60750-d80423-Reviews-or50-Marriott_Vacation_Club_Pulse_San_Diego-San_Diego_California.html#REVIEWS,https://www.tripadvisor.com/Hotel_Review-g60750-d80423-Reviews-or160-Marriott_Vacation_Club_Pulse_San_Diego-San_Diego_California.html#REVIEWS,https://www.tripadvisor.com/Hotel_Review-g60750-d80423-Reviews-or175-Marriott_Vacation_Club_Pulse_San_Diego-San_Diego_California.html#REVIEWS",https://www.marriott.com/hotels/travel/sanva-marriott-vacation-club-pulse-san-diego/?scid=45f93f1b-bd77-45c9-8dab-83b6a417f6fe
AWcS7fMIa4HuVbedX4TQ,2018-11-14T15:19:21Z,2019-05-20T14:06:03Z,701 A Street,"Hotels,Hotels Motels,Wedding Supplies and Services,Hotel",Accommodation & Food Services,San Diego,US,us/ca/sandiego/701astreet/-1435361228,32.71883,-117.16881,"Marriott Vacation Club Pulse, San Diego",92101,CA,2017-11-11T00:00:00.000Z,,2018-12-15T00:00:00Z,3,https://www.tripadvisor.com/Hotel_Review-g60750-d80423-Reviews-or120-Marriott_Vacation_Club_Pulse_San_Diego-San_Diego_California.html#REVIEWS,"The issues started the first night. Do Not stay in room 1501. Although the room seems like it is a bit away from the elevators the bed room is right next to the elevator shaft. This would be fine if it was just elevator noise but every time it went up and down the banged like the someone was knocking on the door loudly. All night all day whenever someone was in the elevator. I complained the first night to the front desk and actually a maintenance guy, Jared. He said that Otis elevator was actually on site fixing the elevators. They actually came to room but could not figure out where the noise was coming from. I did mention it again on Wednesday but they did not do anything. They could have at least moved me to another room. On Friday I was supposed to meet someone for dinner. I did not have his cell though. I had stepped out of the room for a bit, unfortunately right when he called at 630. He tried again at 7. The staff did not leave a message on my room phone (or my cell/email which they had). At 9 I received a call from the front desk that I received 2 calls at 630 and 7. When I asked why I am just hearing about it at 9, the woman said the note got lost and they had just found it. Oh did I say the pool was closed. Lastly, 1501 is a joined room and on Friday night, at 11 a family decided to have a fight where someone was slapped and the mother and little daughter started crying. I called the office but as far as I know no one came up or called. Just not a good stay. Thank you for taking the time to share your feedback and leave a review. We apologize for any inconvenience you experienced during your stay with us here in San Diego. Please contact our Customer Care team directly at 800-860-9384 or customer.carevacationclub.com so we may address your concerns personally.",Just not on the ball,Ashland,Massachusetts,Omni99,"https://www.tripadvisor.com/Hotel_Review-g60750-d80423-Reviews-or145-Marriott_Vacation_Club_Pulse_San_Diego-San_Diego_California.html#REVIEWS,https://www.tripadvisor.com/Hotel_Review-g60750-d80423-Reviews-or115-Marriott_Vacation_Club_Pulse_San_Diego-San_Diego_California.html#REVIEWS,https://www.booking.com/hotel/us/the-declan-suites-san-diego.html;srpvid=548510edea6f03ef;srepoch=1551147867;hpos=10;hapos=115;dest_id=20015725;dest_type=city;sr_order=popularity?from=searchresults,https://www.tripadvisor.com/Hotel_Review-g60750-d80423-Reviews-or15-Marriott_Vacation_Club_Pulse_San_Diego-San_Diego_California.html#REVIEWS,https://www.tripadvisor.com/Hotel_Review-g60750-d80423-Reviews-or40-Marriott_Vacation_Club_Pulse_San_Diego-San_Diego_California.html#REVIEWS,https://www.tripadvisor.com/Hotel_Review-g60750-d80423-Reviews-or130-Marriott_Vacation_Club_Pulse_San_Diego-San_Diego_California.html#REVIEWS,http://www.citysearch.com/profile/666215094/san_diego_ca/marriott_vacation_club_pulse_san_diego.html,https://www.tripadvisor.com/Hotel_Review-g60750-d80423-Reviews-or190-Marriott_Vacation_Club_Pulse_San_Diego-San_Diego_California.html#REVIEWS,https://www.tripadvisor.com/Hotel_Review-g60750-d80423-Reviews-or155-Marriott_Vacation_Club_Pulse_San_Diego-San_Diego_California.html#REVIEWS,https://www.tripadvisor.com/Hotel_Review-g60750-d80423-Reviews-or45-Marriott_Vacation_Club_Pulse_San_Diego-San_Diego_California.html#REVIEWS,https://www.tripadvisor.com/Hotel_Review-g60750-d80423-Reviews-or215-Marriott_Vacation_Club_Pulse_San_Diego-San_Diego_California.html#REVIEWS,https://www.tripadvisor.com/Hotel_Review-g60750-d80423-Reviews-or100-Marriott_Vacation_Club_Pulse_San_Diego-San_Diego_California.html#REVIEWS,https://www.tripadvisor.com/Hotel_Review-g60750-d80423-Reviews-or230-Marriott_Vacation_Club_Pulse_San_Diego-San_Diego_California.html#REVIEWS,https://www.tripadvisor.com/Hotel_Review-g60750-d80423-Reviews-or270-Marriott_Vacation_Club_Pulse_San_Diego-San_Diego_California.html#REVIEWS,https://www.tripadvisor.com/Hotel_Review-g60750-d80423-Reviews-or5-Marriott_Vacation_Club_Pulse_San_Diego-San_Diego_California.html#REVIEWS,https://www.tripadvisor.com/Hotel_Review-g60750-d80423-Reviews-or200-Marriott_Vacation_Club_Pulse_San_Diego-San_Diego_California.html#REVIEWS,https://www.tripadvisor.com/Hotel_Review-g60750-d80423-Reviews-or195-Marriott_Vacation_Club_Pulse_San_Diego-San_Diego_California.html#REVIEWS,https://www.tripadvisor.com/Hotel_Review-g60750-d80423-Reviews-or180-Marriott_Vacation_Club_Pulse_San_Diego-San_Diego_California.html#REVIEWS,https://www.tripadvisor.com/Hotel_Review-g60750-d80423-Reviews-or225-Marriott_Vacation_Club_Pulse_San_Diego-San_Diego_California.html#REVIEWS,https://www.tripadvisor.com/Hotel_Review-g60750-d80423-Reviews-or110-Marriott_Vacation_Club_Pulse_San_Diego-San_Diego_California.html#REVIEWS,https://www.tripadvisor.com/Hotel_Review-g60750-d80423-Reviews-or35-Marriott_Vacation_Club_Pulse_San_Diego-San_Diego_California.html#REVIEWS,https://www.tripadvisor.com/Hotel_Review-g60750-d80423-Reviews-or125-Marriott_Vacation_Club_Pulse_San_Diego-San_Diego_California.html#REVIEWS,https://www.yellowpages.com/san-diego-ca/mip/marriott-vacation-club-pulse-san-diego-526350264,https://www.tripadvisor.com/Hotel_Review-g60750-d80423-Reviews-or150-Marriott_Vacation_Club_Pulse_San_Diego-San_Diego_California.html#REVIEWS,https://www.tripadvisor.com/Hotel_Review-g60750-d80423-Reviews-or210-Marriott_Vacation_Club_Pulse_San_Diego-San_Diego_California.html#REVIEWS,https://www.tripadvisor.com/Hotel_Review-g60750-d80423-Reviews-or165-Marriott_Vacation_Club_Pulse_San_Diego-San_Diego_California.html#REVIEWS,https://www.tripadvisor.com/Hotel_Review-g60750-d80423-Reviews-or170-Marriott_Vacation_Club_Pulse_San_Diego-San_Diego_California.html#REVIEWS,https://www.tripadvisor.com/Hotel_Review-g60750-d80423-Reviews-or60-Marriott_Vacation_Club_Pulse_San_Diego-San_Diego_California.html#REVIEWS,https://www.tripadvisor.com/Hotel_Review-g60750-d80423-Reviews-or120-Marriott_Vacation_Club_Pulse_San_Diego-San_Diego_California.html#REVIEWS,https://www.tripadvisor.com/Hotel_Review-g60750-d80423-Reviews-or265-Marriott_Vacation_Club_Pulse_San_Diego-San_Diego_California.html#REVIEWS,https://www.tripadvisor.com/Hotel_Review-g60750-d80423-Reviews-or220-Marriott_Vacation_Club_Pulse_San_Diego-San_Diego_California.html#REVIEWS,https://www.tripadvisor.com/Hotel_Review-g60750-d80423-Reviews-or135-Marriott_Vacation_Club_Pulse_San_Diego-San_Diego_California.html#REVIEWS,https://www.tripadvisor.com/Hotel_Review-g60750-d80423-Reviews-or50-Marriott_Vacation_Club_Pulse_San_Diego-San_Diego_California.html#REVIEWS,https://www.tripadvisor.com/Hotel_Review-g60750-d80423-Reviews-or160-Marriott_Vacation_Club_Pulse_San_Diego-San_Diego_California.html#REVIEWS,https://www.tripadvisor.com/Hotel_Review-g60750-d80423-Reviews-or175-Marriott_Vacation_Club_Pulse_San_Diego-San_Diego_California.html#REVIEWS",https://www.marriott.com/hotels/travel/sanva-marriott-vacation-club-pulse-san-diego/?scid=45f93f1b-bd77-45c9-8dab-83b6a417f6fe
